0dc500fb-be4f-4105-87c3-935651449cca,c5e27a53-8027-44f8-af2b-028116ab7cbb,386251
b7ebd07f-dc82-4643-a0ef-f0e3ed27a43b,4c57dcd5-0b69-4fba-a218-be63358a8dfa,237263
aadea176-6e78-49d0-adb8-1249a90ea2ff,5d1dec70-576e-4c53-9195-a9053c7bfb58,326256
8482448d-58ba-4170-b0a9-7610d386f8a0,0ff65cc8-c074-45ff-9e40-daf820b96529,206011
07901f83-6fe2-4afb-8145-baabd84c0f71,8c2dab34-6abc-4a16-82bf-d2f1eabe3c72,138067
6548d053-fa4b-4259-974f-5930e09a53db,23a4b8c1-9755-43ad-9b49-28f9eaff2f44,3144
933c5a45-d8fc-4584-88ac-a95ec6861b29,58536085-db98-42ad-9708-78a3cd50ca2f,87924
0c36a8d9-d37c-45d4-a462-059d3d93cd2e,58536085-db98-42ad-9708-78a3cd50ca2f,187021
efe067ef-60f5-42f1-a4f3-4a9e502417a2,b7e406ed-9a18-4a68-8827-470b9e361f2c,275967
933c5a45-d8fc-4584-88ac-a95ec6861b29,980534c9-a605-42f3-ac92-42d8cf06e938,92766
23a4b8c1-9755-43ad-9b49-28f9eaff2f44,bcf7c96d-b08f-4c91-9ff0-fadef38453cd,244139
dbeea476-8e41-4174-9100-f979def21045,bf4f7639-5c12-4b66-9f47-79320c7de8af,255122
c3b61646-a94a-49bc-a149-6e3404c5d6ea,31b8dc6f-7f60-442f-9b42-0fd9088bd8c0,186173
0383be3a-a8ae-4ac0-8da7-c00854d7228a,4a4c0cda-fc72-4fac-94d3-58b69f3b1a9f,281882
a44156a7-c5f9-4f22-b7d5-c96fff1caa7b,ad0a5f1a-acc2-4f8f-89a2-8c62971803bc,46109
a2626182-3880-4662-8606-abb0c357b6d0,92f932a0-0e9c-4bc0-83c1-be9bc94ed89d,376017
c6546ced-e162-4990-b2e8-a9a763b7af00,3e917f69-7ec1-4157-be53-a8517185e8bd,49807
c6546ced-e162-4990-b2e8-a9a763b7af00,e526c9f2-66b8-4336-8acb-f238896614e5,98642
c5cdf181-1120-4548-bdf2-b620064dc347,fd993101-d15c-422a-b22f-b2431d7b3afd,433680
709b7754-003a-4b82-9243-2972090fdb81,5ce6aa7f-bc48-4afc-a5fe-c31a3a4a4572,20075
f1131a2b-d02d-40d0-89ff-879fd1ad2764,dac6d170-3812-43c3-ad39-5d2aaf6a5b06,78853
dac6d170-3812-43c3-ad39-5d2aaf6a5b06,e526c9f2-66b8-4336-8acb-f238896614e5,58566
b5318de2-bc74-4c7e-9f94-cb75bb7b2fca,5b60b7ac-9858-4e91-bed6-71f40322ccb9,186424
3c41342d-5389-48fa-82e2-60409725f8b0,d1642541-ed4d-452a-b30a-90655c2a9154,360895
bd071d9b-bc43-4595-81b2-708cf84271f6,f8e269e8-fd1a-43c8-a82f-14c9c58e240f,290525
4a4c0cda-fc72-4fac-94d3-58b69f3b1a9f,c7ca8261-a85d-4df0-bbd8-f586d271086d,130705
ad0a5f1a-acc2-4f8f-89a2-8c62971803bc,bcbe792f-05c5-434e-bc07-0d54d991ffc6,64156
d3c284a7-f72c-40ce-a5b5-0bec4fae7a16,8482448d-58ba-4170-b0a9-7610d386f8a0,248820
93bdd36f-1197-47c1-99d6-32463626bf7d,5b60b7ac-9858-4e91-bed6-71f40322ccb9,403839
0ff65cc8-c074-45ff-9e40-daf820b96529,cbcf3874-ef38-4642-96a1-747881e23578,241737
1a49100f-837a-4528-bc7d-c043cc188084,84b4790c-9e5a-4625-970c-3dc6a93ea945,62625
f1131a2b-d02d-40d0-89ff-879fd1ad2764,c9e4ef54-0d6b-4d12-94c0-3f2745ecc8e8,75493
458fae0d-5be8-4786-83e2-e2a85f500fb2,0c36a8d9-d37c-45d4-a462-059d3d93cd2e,290975
ecdab9e5-689c-40ed-bb65-214418a691bd,c1a7d95e-c22e-4aa5-85f9-ed9c00da669b,161525
57741320-8e46-421b-980e-073d2994da30,5f914c72-01b0-4c4a-9160-04e4cc34c2e3,257257
d8edb366-5525-4d82-867c-2627b177613c,b9a65165-bd8c-4c00-b011-85a6277190d1,246867
b06b4530-aed1-4fa1-a36f-25bf6c01806f,1a1a9b04-bcc4-4f7d-be64-eb958185a5c7,43853
658af827-04c4-4226-a57e-9fbe148a3b67,efe067ef-60f5-42f1-a4f3-4a9e502417a2,171873
c5cdf181-1120-4548-bdf2-b620064dc347,8482448d-58ba-4170-b0a9-7610d386f8a0,149834
3e917f69-7ec1-4157-be53-a8517185e8bd,086e2944-5833-45dc-beb3-7516ff26db06,47692
8d64e2ec-b310-4c29-9a24-168fb3e13733,21f017b4-43c0-49d2-a466-53381450b96d,41656
0c6fe1e4-74b5-42ed-af64-ea53894dd070,b86c00be-35c5-4219-ab23-2e38f9122c4a,172173
a44156a7-c5f9-4f22-b7d5-c96fff1caa7b,3e917f69-7ec1-4157-be53-a8517185e8bd,239348
89ffc69d-b3f4-4964-aa9f-22802ec46752,40ef2290-48e1-456d-b614-b8c1c185aab4,219660
34678989-2a9d-4a29-9cf6-e35d6f65829d,d1642541-ed4d-452a-b30a-90655c2a9154,105081
40e458b2-47bc-4bcd-bd06-46799cc2f26f,bcbe792f-05c5-434e-bc07-0d54d991ffc6,200591
b86c00be-35c5-4219-ab23-2e38f9122c4a,8b46fc7e-79db-4f14-82fd-2818eac1f54f,34792
f213379c-5279-457f-b72d-793855a022eb,f24fb2bd-9e5a-45a0-8ae5-2bdf30970624,414772
b86c00be-35c5-4219-ab23-2e38f9122c4a,e70b0075-bd8c-46bb-997e-4ebd03ca4ac9,52716
92f932a0-0e9c-4bc0-83c1-be9bc94ed89d,3af13bd1-54d6-4d96-b540-b0d6b74f5cd4,4791
34678989-2a9d-4a29-9cf6-e35d6f65829d,dac6d170-3812-43c3-ad39-5d2aaf6a5b06,127735
83c54fb4-06cb-4eca-a889-aae5716896a7,d8edb366-5525-4d82-867c-2627b177613c,20445
93bdd36f-1197-47c1-99d6-32463626bf7d,c3b61646-a94a-49bc-a149-6e3404c5d6ea,104767
73cfeeec-3f05-4e16-bb83-645437756093,e70b0075-bd8c-46bb-997e-4ebd03ca4ac9,251714
6ae37653-3d12-4d4c-82ed-ee2284d2f08c,bbd3cecc-6a07-40c5-b3a4-d5b467745b66,95955
efe067ef-60f5-42f1-a4f3-4a9e502417a2,0edbcf7d-bd5b-4778-852c-a6c4281a5208,89492
23a4b8c1-9755-43ad-9b49-28f9eaff2f44,fd64b9eb-bebe-4fa6-a227-0399e8d22a7e,189442
fbcf16e8-f59e-4116-b7bd-19dd2cbb2309,afecc80b-9479-4048-a8dc-f7e282de3446,239961
03fc5a37-5bf8-4e86-aebe-964b97218b59,b7083d27-a9a9-47b8-b2b6-6c2058147148,169453
89ffc69d-b3f4-4964-aa9f-22802ec46752,8de8abe5-f33e-4996-af91-3797ee69c879,256118
6ded028f-f9f5-424b-b51b-f325ab3ef420,b9190ad7-1b4a-4416-b6fb-a4812d91a01c,246793
9dbb4e1b-f513-42cb-8b5c-50f65ffb0cc2,6f15b2d3-f7a3-49eb-8edf-293df9af0f26,346663
2f9a6cb6-68d3-4c9a-9bff-72bfe74b8296,c9e4ef54-0d6b-4d12-94c0-3f2745ecc8e8,79914
8d48a68d-1875-4545-b8ec-ff7398a3f7d0,31b8dc6f-7f60-442f-9b42-0fd9088bd8c0,14874
aadea176-6e78-49d0-adb8-1249a90ea2ff,709b7754-003a-4b82-9243-2972090fdb81,320282
e2200d51-c769-4975-a039-ae4990785f5a,e7072312-e089-4487-856c-6940c30a7791,390014
0dc500fb-be4f-4105-87c3-935651449cca,7bcf1ffb-b64e-4454-8cf4-3fd40dfdc1d6,565920
fbcf16e8-f59e-4116-b7bd-19dd2cbb2309,17a2b80c-3cd8-4b42-b5a1-bc2d67f0e9c0,114523
b06b4530-aed1-4fa1-a36f-25bf6c01806f,0dc500fb-be4f-4105-87c3-935651449cca,16060
5ed27fe8-f985-4a6d-bc05-16a3d4bd64da,6ae37653-3d12-4d4c-82ed-ee2284d2f08c,166268
5ba0d60a-6c5e-42fa-976a-1a951bed5c24,f8e269e8-fd1a-43c8-a82f-14c9c58e240f,251220
5ba0d60a-6c5e-42fa-976a-1a951bed5c24,52f77875-3ad8-4dbe-9152-4eadfb8452af,127430
0edbcf7d-bd5b-4778-852c-a6c4281a5208,6548d053-fa4b-4259-974f-5930e09a53db,498
bd4ebfbc-6ce1-4e0c-a9cc-a523ac7ad561,e7072312-e089-4487-856c-6940c30a7791,496
30f9eba9-88d2-49d8-a901-65a552797f62,bcf7c96d-b08f-4c91-9ff0-fadef38453cd,13056
fd64b9eb-bebe-4fa6-a227-0399e8d22a7e,0e356f5e-ede4-4ed8-9616-f9022b20ed45,276627
13257c5a-1805-4dbe-9dac-0851b60b8b56,5ed27fe8-f985-4a6d-bc05-16a3d4bd64da,189919
f63cfc9a-a6d9-4ce3-be1d-d50ed867bfac,15ff21cc-01b5-4735-868a-0398ed6178ae,48337
711051de-eb47-4098-8518-bf08535fcef4,f816fd01-1e5c-4d07-80bc-9d656f051011,213297
b86c00be-35c5-4219-ab23-2e38f9122c4a,a44156a7-c5f9-4f22-b7d5-c96fff1caa7b,89323
6f2dd65e-8ad5-46e9-ad8f-b2912f72eac7,b5a09a7e-b487-45dc-b2c4-bc46d714d051,282665
2f9a6cb6-68d3-4c9a-9bff-72bfe74b8296,e2200d51-c769-4975-a039-ae4990785f5a,110688
0e356f5e-ede4-4ed8-9616-f9022b20ed45,f1131a2b-d02d-40d0-89ff-879fd1ad2764,59509
9dbb4e1b-f513-42cb-8b5c-50f65ffb0cc2,3e917f69-7ec1-4157-be53-a8517185e8bd,179841
30f7dbc6-f50a-4163-b0db-d6a2fe33e52c,c5e27a53-8027-44f8-af2b-028116ab7cbb,216598
8c2dab34-6abc-4a16-82bf-d2f1eabe3c72,2605461a-b434-4a54-9043-f2f0d96d62f1,71249
e7072312-e089-4487-856c-6940c30a7791,0dc500fb-be4f-4105-87c3-935651449cca,50986
89ffc69d-b3f4-4964-aa9f-22802ec46752,f2dcd5c3-4946-4f75-99e1-e90b532ba2bb,224887
9d2fa4f6-c6da-42ee-8da2-217db6c8edc8,658af827-04c4-4226-a57e-9fbe148a3b67,450963
fd993101-d15c-422a-b22f-b2431d7b3afd,c9e4ef54-0d6b-4d12-94c0-3f2745ecc8e8,130711
0dc500fb-be4f-4105-87c3-935651449cca,08c7d61f-0307-4f27-a816-ee99e22a0822,421882
458fae0d-5be8-4786-83e2-e2a85f500fb2,1a49100f-837a-4528-bc7d-c043cc188084,161179
163756c3-b01c-41f5-8a68-11778335a3a4,03fc5a37-5bf8-4e86-aebe-964b97218b59,62435
3af13bd1-54d6-4d96-b540-b0d6b74f5cd4,1a49100f-837a-4528-bc7d-c043cc188084,114977
ecdab9e5-689c-40ed-bb65-214418a691bd,92f932a0-0e9c-4bc0-83c1-be9bc94ed89d,209682
15ff21cc-01b5-4735-868a-0398ed6178ae,b5a09a7e-b487-45dc-b2c4-bc46d714d051,18863
40e458b2-47bc-4bcd-bd06-46799cc2f26f,89ffc69d-b3f4-4964-aa9f-22802ec46752,190747
fbcf16e8-f59e-4116-b7bd-19dd2cbb2309,0c6fe1e4-74b5-42ed-af64-ea53894dd070,67729
5d1dec70-576e-4c53-9195-a9053c7bfb58,31b8dc6f-7f60-442f-9b42-0fd9088bd8c0,259776
0e356f5e-ede4-4ed8-9616-f9022b20ed45,b9a65165-bd8c-4c00-b011-85a6277190d1,58160
34678989-2a9d-4a29-9cf6-e35d6f65829d,6ded028f-f9f5-424b-b51b-f325ab3ef420,164788
dbeea476-8e41-4174-9100-f979def21045,5b60b7ac-9858-4e91-bed6-71f40322ccb9,216126
bbd3cecc-6a07-40c5-b3a4-d5b467745b66,23a4b8c1-9755-43ad-9b49-28f9eaff2f44,183328
b7083d27-a9a9-47b8-b2b6-6c2058147148,84b4790c-9e5a-4625-970c-3dc6a93ea945,84612
bf4f7639-5c12-4b66-9f47-79320c7de8af,8d64e2ec-b310-4c29-9a24-168fb3e13733,348285
c5e27a53-8027-44f8-af2b-028116ab7cbb,31b8dc6f-7f60-442f-9b42-0fd9088bd8c0,25254
658af827-04c4-4226-a57e-9fbe148a3b67,b911bf0e-a17c-44b2-b987-346d5638145b,229171
086e2944-5833-45dc-beb3-7516ff26db06,a2626182-3880-4662-8606-abb0c357b6d0,9484
933c5a45-d8fc-4584-88ac-a95ec6861b29,6ae37653-3d12-4d4c-82ed-ee2284d2f08c,48326
e70b0075-bd8c-46bb-997e-4ebd03ca4ac9,5ce6aa7f-bc48-4afc-a5fe-c31a3a4a4572,47583
bd071d9b-bc43-4595-81b2-708cf84271f6,d1642541-ed4d-452a-b30a-90655c2a9154,220896
15ff21cc-01b5-4735-868a-0398ed6178ae,4c57dcd5-0b69-4fba-a218-be63358a8dfa,9926
2c8ae196-36bb-4d71-a4f7-c233d502da21,d3c284a7-f72c-40ce-a5b5-0bec4fae7a16,18610
5ba0d60a-6c5e-42fa-976a-1a951bed5c24,bbd3cecc-6a07-40c5-b3a4-d5b467745b66,44190
ad0a5f1a-acc2-4f8f-89a2-8c62971803bc,b7e406ed-9a18-4a68-8827-470b9e361f2c,31487
c4cb441b-59cb-4c0b-94ad-fee8dad2f7c0,5ce6aa7f-bc48-4afc-a5fe-c31a3a4a4572,11915
bcbe792f-05c5-434e-bc07-0d54d991ffc6,e14af718-b34f-495f-9217-c5f4fa65df34,32745
6263620a-e31d-4f8f-b631-7f6504b2507a,8de8abe5-f33e-4996-af91-3797ee69c879,118468
5ba0d60a-6c5e-42fa-976a-1a951bed5c24,8de8abe5-f33e-4996-af91-3797ee69c879,84446
dc49e694-176b-4e9e-874c-8883a9fc48e2,23a4b8c1-9755-43ad-9b49-28f9eaff2f44,110347
92f932a0-0e9c-4bc0-83c1-be9bc94ed89d,14adab7f-cc26-471f-af1d-87e2cce472c5,3845
a2626182-3880-4662-8606-abb0c357b6d0,bd4ebfbc-6ce1-4e0c-a9cc-a523ac7ad561,272296
93bdd36f-1197-47c1-99d6-32463626bf7d,8d48a68d-1875-4545-b8ec-ff7398a3f7d0,126545
92f932a0-0e9c-4bc0-83c1-be9bc94ed89d,b9190ad7-1b4a-4416-b6fb-a4812d91a01c,4649
89ffc69d-b3f4-4964-aa9f-22802ec46752,00e2290b-85b1-4904-8fa3-6efda0e8b3fd,148343
14adab7f-cc26-471f-af1d-87e2cce472c5,7bf5c0ce-5637-42ce-9e01-be393373a1b0,114843
14adab7f-cc26-471f-af1d-87e2cce472c5,9c242ca1-c67f-4ab9-8fa3-2ee37d5e3f92,101402
15ff21cc-01b5-4735-868a-0398ed6178ae,458fae0d-5be8-4786-83e2-e2a85f500fb2,44126
5d1dec70-576e-4c53-9195-a9053c7bfb58,0f0045ff-c307-4068-9c65-c2f82ee5a7dc,137121
c9e4ef54-0d6b-4d12-94c0-3f2745ecc8e8,e2200d51-c769-4975-a039-ae4990785f5a,346482
a2626182-3880-4662-8606-abb0c357b6d0,40e458b2-47bc-4bcd-bd06-46799cc2f26f,111809
5b981d1d-7785-4400-98ce-a12c9f1757d9,a2626182-3880-4662-8606-abb0c357b6d0,97959
35f9f4c3-e1e5-4edd-900a-b9eb1eb250f5,e3b5df28-03c2-4c62-9680-91b6b756bf12,163513
17a2b80c-3cd8-4b42-b5a1-bc2d67f0e9c0,6ded028f-f9f5-424b-b51b-f325ab3ef420,241066
92f932a0-0e9c-4bc0-83c1-be9bc94ed89d,5b981d1d-7785-4400-98ce-a12c9f1757d9,2519
52f77875-3ad8-4dbe-9152-4eadfb8452af,f213379c-5279-457f-b72d-793855a022eb,92766
8b46fc7e-79db-4f14-82fd-2818eac1f54f,58536085-db98-42ad-9708-78a3cd50ca2f,159446
580285c1-fc60-4d75-9ac0-2d86f6481887,e70b0075-bd8c-46bb-997e-4ebd03ca4ac9,57218
dac6d170-3812-43c3-ad39-5d2aaf6a5b06,f2dcd5c3-4946-4f75-99e1-e90b532ba2bb,85830
3c41342d-5389-48fa-82e2-60409725f8b0,0edbcf7d-bd5b-4778-852c-a6c4281a5208,126768
980534c9-a605-42f3-ac92-42d8cf06e938,6ae37653-3d12-4d4c-82ed-ee2284d2f08c,106743
9c6e8691-c05e-4348-8a88-de01bbedddbc,6ae37653-3d12-4d4c-82ed-ee2284d2f08c,8907
afecc80b-9479-4048-a8dc-f7e282de3446,d16ae7ef-de17-431e-9f26-ba47e5d01788,35901
31b8dc6f-7f60-442f-9b42-0fd9088bd8c0,933c5a45-d8fc-4584-88ac-a95ec6861b29,271833
52f77875-3ad8-4dbe-9152-4eadfb8452af,8d64e2ec-b310-4c29-9a24-168fb3e13733,124464
17a2b80c-3cd8-4b42-b5a1-bc2d67f0e9c0,474eb34a-7e8d-4444-95ea-b71fd57e71ff,166289
9d2fa4f6-c6da-42ee-8da2-217db6c8edc8,f213379c-5279-457f-b72d-793855a022eb,112066
c4cb441b-59cb-4c0b-94ad-fee8dad2f7c0,2605461a-b434-4a54-9043-f2f0d96d62f1,19209
08117383-989f-4538-b64a-0c50ed07d856,b5a09a7e-b487-45dc-b2c4-bc46d714d051,102272
52f77875-3ad8-4dbe-9152-4eadfb8452af,4c57dcd5-0b69-4fba-a218-be63358a8dfa,72231
580285c1-fc60-4d75-9ac0-2d86f6481887,83c54fb4-06cb-4eca-a889-aae5716896a7,49426
981db907-95dd-4716-b2cf-589e14dcbd7f,2605461a-b434-4a54-9043-f2f0d96d62f1,527274
709b7754-003a-4b82-9243-2972090fdb81,8de8abe5-f33e-4996-af91-3797ee69c879,44947
c4cb441b-59cb-4c0b-94ad-fee8dad2f7c0,03fc5a37-5bf8-4e86-aebe-964b97218b59,14120
b06b4530-aed1-4fa1-a36f-25bf6c01806f,57741320-8e46-421b-980e-073d2994da30,35606
0c6fe1e4-74b5-42ed-af64-ea53894dd070,21f017b4-43c0-49d2-a466-53381450b96d,55503
474eb34a-7e8d-4444-95ea-b71fd57e71ff,35f9f4c3-e1e5-4edd-900a-b9eb1eb250f5,34521
9c6e8691-c05e-4348-8a88-de01bbedddbc,31b8dc6f-7f60-442f-9b42-0fd9088bd8c0,3612
e526c9f2-66b8-4336-8acb-f238896614e5,c1a7d95e-c22e-4aa5-85f9-ed9c00da669b,225196
73cfeeec-3f05-4e16-bb83-645437756093,d8edb366-5525-4d82-867c-2627b177613c,218761
1a0c273e-aca0-4be3-9b23-64535c247c25,efe067ef-60f5-42f1-a4f3-4a9e502417a2,123882
f8e269e8-fd1a-43c8-a82f-14c9c58e240f,5f914c72-01b0-4c4a-9160-04e4cc34c2e3,235053
efe067ef-60f5-42f1-a4f3-4a9e502417a2,f213379c-5279-457f-b72d-793855a022eb,88029
8d64e2ec-b310-4c29-9a24-168fb3e13733,21f017b4-43c0-49d2-a466-53381450b96d,12443
bd4ebfbc-6ce1-4e0c-a9cc-a523ac7ad561,a82f487d-5b74-484d-9b40-290b30275a95,574
e70b0075-bd8c-46bb-997e-4ebd03ca4ac9,b7e406ed-9a18-4a68-8827-470b9e361f2c,62734
b9a65165-bd8c-4c00-b011-85a6277190d1,9c6e8691-c05e-4348-8a88-de01bbedddbc,384083
5d1dec70-576e-4c53-9195-a9053c7bfb58,fd64b9eb-bebe-4fa6-a227-0399e8d22a7e,270422
b7e406ed-9a18-4a68-8827-470b9e361f2c,a44156a7-c5f9-4f22-b7d5-c96fff1caa7b,261737
0dc500fb-be4f-4105-87c3-935651449cca,933c5a45-d8fc-4584-88ac-a95ec6861b29,300918
6c42edd0-4ba0-4852-8fa7-32cafaab6b5e,474eb34a-7e8d-4444-95ea-b71fd57e71ff,311415
6f15b2d3-f7a3-49eb-8edf-293df9af0f26,b06b4530-aed1-4fa1-a36f-25bf6c01806f,230748
f095720d-a449-4584-974f-b13885b751a6,bf5f74dd-dae1-4524-a35e-aa4abdff2b2a,300196
30f7dbc6-f50a-4163-b0db-d6a2fe33e52c,03fc5a37-5bf8-4e86-aebe-964b97218b59,73266
58536085-db98-42ad-9708-78a3cd50ca2f,fd993101-d15c-422a-b22f-b2431d7b3afd,168993
e526c9f2-66b8-4336-8acb-f238896614e5,bd4ebfbc-6ce1-4e0c-a9cc-a523ac7ad561,358017
981db907-95dd-4716-b2cf-589e14dcbd7f,7bf5c0ce-5637-42ce-9e01-be393373a1b0,150451
c5cdf181-1120-4548-bdf2-b620064dc347,f816fd01-1e5c-4d07-80bc-9d656f051011,341881
30f9eba9-88d2-49d8-a901-65a552797f62,f2dcd5c3-4946-4f75-99e1-e90b532ba2bb,15308
6371bf27-f57c-4859-a6d9-362277858b2f,0c6fe1e4-74b5-42ed-af64-ea53894dd070,8479
f816fd01-1e5c-4d07-80bc-9d656f051011,9dbb4e1b-f513-42cb-8b5c-50f65ffb0cc2,102445
5b981d1d-7785-4400-98ce-a12c9f1757d9,52f77875-3ad8-4dbe-9152-4eadfb8452af,552587
35f9f4c3-e1e5-4edd-900a-b9eb1eb250f5,f213379c-5279-457f-b72d-793855a022eb,46832
dbeea476-8e41-4174-9100-f979def21045,a51f1fa0-20e8-42a1-a2ae-50ef552e6b21,75634
00e2290b-85b1-4904-8fa3-6efda0e8b3fd,043650a7-2d07-4291-936e-456468d24e10,261219
458fae0d-5be8-4786-83e2-e2a85f500fb2,a44156a7-c5f9-4f22-b7d5-c96fff1caa7b,326881
83c54fb4-06cb-4eca-a889-aae5716896a7,92f932a0-0e9c-4bc0-83c1-be9bc94ed89d,29692
981db907-95dd-4716-b2cf-589e14dcbd7f,163756c3-b01c-41f5-8a68-11778335a3a4,201454
580285c1-fc60-4d75-9ac0-2d86f6481887,7bf5c0ce-5637-42ce-9e01-be393373a1b0,64332
6ae37653-3d12-4d4c-82ed-ee2284d2f08c,086e2944-5833-45dc-beb3-7516ff26db06,149397
f213379c-5279-457f-b72d-793855a022eb,3c41342d-5389-48fa-82e2-60409725f8b0,405003
b5a09a7e-b487-45dc-b2c4-bc46d714d051,580285c1-fc60-4d75-9ac0-2d86f6481887,166923
f8e269e8-fd1a-43c8-a82f-14c9c58e240f,1a49100f-837a-4528-bc7d-c043cc188084,347570
35f9f4c3-e1e5-4edd-900a-b9eb1eb250f5,5b60b7ac-9858-4e91-bed6-71f40322ccb9,89827
709b7754-003a-4b82-9243-2972090fdb81,6f15b2d3-f7a3-49eb-8edf-293df9af0f26,56856
f8e269e8-fd1a-43c8-a82f-14c9c58e240f,30f9eba9-88d2-49d8-a901-65a552797f62,152020
1a1a9b04-bcc4-4f7d-be64-eb958185a5c7,b7083d27-a9a9-47b8-b2b6-6c2058147148,10227
52f77875-3ad8-4dbe-9152-4eadfb8452af,0c6fe1e4-74b5-42ed-af64-ea53894dd070,144576
cbcf3874-ef38-4642-96a1-747881e23578,b5318de2-bc74-4c7e-9f94-cb75bb7b2fca,46132
fd64b9eb-bebe-4fa6-a227-0399e8d22a7e,7bf5c0ce-5637-42ce-9e01-be393373a1b0,185075
6263620a-e31d-4f8f-b631-7f6504b2507a,4a4c0cda-fc72-4fac-94d3-58b69f3b1a9f,113085
1a49100f-837a-4528-bc7d-c043cc188084,dc49e694-176b-4e9e-874c-8883a9fc48e2,293040
c6546ced-e162-4990-b2e8-a9a763b7af00,b7ebd07f-dc82-4643-a0ef-f0e3ed27a43b,91700
f213379c-5279-457f-b72d-793855a022eb,f1131a2b-d02d-40d0-89ff-879fd1ad2764,166327
f2dcd5c3-4946-4f75-99e1-e90b532ba2bb,e3b5df28-03c2-4c62-9680-91b6b756bf12,121671
458fae0d-5be8-4786-83e2-e2a85f500fb2,2605461a-b434-4a54-9043-f2f0d96d62f1,89651
c5e347a9-228d-4c5f-b5c8-1260349ee4aa,08117383-989f-4538-b64a-0c50ed07d856,452746
b7ebd07f-dc82-4643-a0ef-f0e3ed27a43b,fd993101-d15c-422a-b22f-b2431d7b3afd,156939
e7072312-e089-4487-856c-6940c30a7791,163756c3-b01c-41f5-8a68-11778335a3a4,113715
c1a7d95e-c22e-4aa5-85f9-ed9c00da669b,52f77875-3ad8-4dbe-9152-4eadfb8452af,85936
4a4c0cda-fc72-4fac-94d3-58b69f3b1a9f,03fc5a37-5bf8-4e86-aebe-964b97218b59,62156
89ffc69d-b3f4-4964-aa9f-22802ec46752,7bcf1ffb-b64e-4454-8cf4-3fd40dfdc1d6,333835
dac6d170-3812-43c3-ad39-5d2aaf6a5b06,07bb2192-b4a5-4207-9340-5c6a466508f4,69249
c1a7d95e-c22e-4aa5-85f9-ed9c00da669b,f095720d-a449-4584-974f-b13885b751a6,201457
dac6d170-3812-43c3-ad39-5d2aaf6a5b06,afecc80b-9479-4048-a8dc-f7e282de3446,72676
dac6d170-3812-43c3-ad39-5d2aaf6a5b06,d1642541-ed4d-452a-b30a-90655c2a9154,32055
6ded028f-f9f5-424b-b51b-f325ab3ef420,52f77875-3ad8-4dbe-9152-4eadfb8452af,320681
fd993101-d15c-422a-b22f-b2431d7b3afd,458fae0d-5be8-4786-83e2-e2a85f500fb2,85249
4a4c0cda-fc72-4fac-94d3-58b69f3b1a9f,cbcf3874-ef38-4642-96a1-747881e23578,253964
c5e347a9-228d-4c5f-b5c8-1260349ee4aa,c9e4ef54-0d6b-4d12-94c0-3f2745ecc8e8,555455
981db907-95dd-4716-b2cf-589e14dcbd7f,c4cb441b-59cb-4c0b-94ad-fee8dad2f7c0,277471
21f017b4-43c0-49d2-a466-53381450b96d,c6546ced-e162-4990-b2e8-a9a763b7af00,136281
5b60b7ac-9858-4e91-bed6-71f40322ccb9,a51f1fa0-20e8-42a1-a2ae-50ef552e6b21,141623
0e356f5e-ede4-4ed8-9616-f9022b20ed45,5f914c72-01b0-4c4a-9160-04e4cc34c2e3,77167
6548d053-fa4b-4259-974f-5930e09a53db,5ed27fe8-f985-4a6d-bc05-16a3d4bd64da,2446
c3b61646-a94a-49bc-a149-6e3404c5d6ea,d3c284a7-f72c-40ce-a5b5-0bec4fae7a16,205169
c9e4ef54-0d6b-4d12-94c0-3f2745ecc8e8,1a1a9b04-bcc4-4f7d-be64-eb958185a5c7,255867
89ffc69d-b3f4-4964-aa9f-22802ec46752,07bb2192-b4a5-4207-9340-5c6a466508f4,105912
ecdab9e5-689c-40ed-bb65-214418a691bd,980534c9-a605-42f3-ac92-42d8cf06e938,206342
b9190ad7-1b4a-4416-b6fb-a4812d91a01c,5f914c72-01b0-4c4a-9160-04e4cc34c2e3,270572
6f2dd65e-8ad5-46e9-ad8f-b2912f72eac7,6f15b2d3-f7a3-49eb-8edf-293df9af0f26,89265
34678989-2a9d-4a29-9cf6-e35d6f65829d,00e2290b-85b1-4904-8fa3-6efda0e8b3fd,408936
00e2290b-85b1-4904-8fa3-6efda0e8b3fd,9c6e8691-c05e-4348-8a88-de01bbedddbc,283423
92f932a0-0e9c-4bc0-83c1-be9bc94ed89d,7bcf1ffb-b64e-4454-8cf4-3fd40dfdc1d6,1303
7bcf1ffb-b64e-4454-8cf4-3fd40dfdc1d6,6371bf27-f57c-4859-a6d9-362277858b2f,105635
34678989-2a9d-4a29-9cf6-e35d6f65829d,b06b4530-aed1-4fa1-a36f-25bf6c01806f,131733
6f2dd65e-8ad5-46e9-ad8f-b2912f72eac7,6263620a-e31d-4f8f-b631-7f6504b2507a,437764
2605461a-b434-4a54-9043-f2f0d96d62f1,5b60b7ac-9858-4e91-bed6-71f40322ccb9,39206
c5e27a53-8027-44f8-af2b-028116ab7cbb,c3b61646-a94a-49bc-a149-6e3404c5d6ea,62582
35f9f4c3-e1e5-4edd-900a-b9eb1eb250f5,6c42edd0-4ba0-4852-8fa7-32cafaab6b5e,61816
a51f1fa0-20e8-42a1-a2ae-50ef552e6b21,c4cb441b-59cb-4c0b-94ad-fee8dad2f7c0,170449
0f0045ff-c307-4068-9c65-c2f82ee5a7dc,30f7dbc6-f50a-4163-b0db-d6a2fe33e52c,280020
a44156a7-c5f9-4f22-b7d5-c96fff1caa7b,cbcf3874-ef38-4642-96a1-747881e23578,108637
0383be3a-a8ae-4ac0-8da7-c00854d7228a,bf5f74dd-dae1-4524-a35e-aa4abdff2b2a,297481
2605461a-b434-4a54-9043-f2f0d96d62f1,0383be3a-a8ae-4ac0-8da7-c00854d7228a,11374
c5cdf181-1120-4548-bdf2-b620064dc347,40e458b2-47bc-4bcd-bd06-46799cc2f26f,305454
17a2b80c-3cd8-4b42-b5a1-bc2d67f0e9c0,07901f83-6fe2-4afb-8145-baabd84c0f71,157390
21f017b4-43c0-49d2-a466-53381450b96d,0c6fe1e4-74b5-42ed-af64-ea53894dd070,168361
e14af718-b34f-495f-9217-c5f4fa65df34,93bdd36f-1197-47c1-99d6-32463626bf7d,48067
40ef2290-48e1-456d-b614-b8c1c185aab4,34678989-2a9d-4a29-9cf6-e35d6f65829d,86750
658af827-04c4-4226-a57e-9fbe148a3b67,3e917f69-7ec1-4157-be53-a8517185e8bd,84728
f095720d-a449-4584-974f-b13885b751a6,8c2dab34-6abc-4a16-82bf-d2f1eabe3c72,142978
9c6e8691-c05e-4348-8a88-de01bbedddbc,6f15b2d3-f7a3-49eb-8edf-293df9af0f26,4284
dd18e31a-ee64-43e0-96e5-4965c4d794b5,30f9eba9-88d2-49d8-a901-65a552797f62,242843
8de8abe5-f33e-4996-af91-3797ee69c879,980534c9-a605-42f3-ac92-42d8cf06e938,67336
a51f1fa0-20e8-42a1-a2ae-50ef552e6b21,73cfeeec-3f05-4e16-bb83-645437756093,317890
caef6390-69cd-4ce6-b324-82996e417f64,c4cb441b-59cb-4c0b-94ad-fee8dad2f7c0,404212
f213379c-5279-457f-b72d-793855a022eb,b9190ad7-1b4a-4416-b6fb-a4812d91a01c,483854
caef6390-69cd-4ce6-b324-82996e417f64,b7e406ed-9a18-4a68-8827-470b9e361f2c,402971
89ffc69d-b3f4-4964-aa9f-22802ec46752,5ba0d60a-6c5e-42fa-976a-1a951bed5c24,201851
6c42edd0-4ba0-4852-8fa7-32cafaab6b5e,fd64b9eb-bebe-4fa6-a227-0399e8d22a7e,229231
dbeea476-8e41-4174-9100-f979def21045,980534c9-a605-42f3-ac92-42d8cf06e938,199121
1a1a9b04-bcc4-4f7d-be64-eb958185a5c7,6c42edd0-4ba0-4852-8fa7-32cafaab6b5e,45881
6f15b2d3-f7a3-49eb-8edf-293df9af0f26,163756c3-b01c-41f5-8a68-11778335a3a4,348354
dbeea476-8e41-4174-9100-f979def21045,6371bf27-f57c-4859-a6d9-362277858b2f,267322
a51f1fa0-20e8-42a1-a2ae-50ef552e6b21,c6546ced-e162-4990-b2e8-a9a763b7af00,153109
bd4ebfbc-6ce1-4e0c-a9cc-a523ac7ad561,043650a7-2d07-4291-936e-456468d24e10,755
3c41342d-5389-48fa-82e2-60409725f8b0,aadea176-6e78-49d0-adb8-1249a90ea2ff,239753
35f9f4c3-e1e5-4edd-900a-b9eb1eb250f5,40ef2290-48e1-456d-b614-b8c1c185aab4,40570
bcf7c96d-b08f-4c91-9ff0-fadef38453cd,17a2b80c-3cd8-4b42-b5a1-bc2d67f0e9c0,150751
6371bf27-f57c-4859-a6d9-362277858b2f,5d1dec70-576e-4c53-9195-a9053c7bfb58,15546
dbeea476-8e41-4174-9100-f979def21045,9d2fa4f6-c6da-42ee-8da2-217db6c8edc8,64092
6c42edd0-4ba0-4852-8fa7-32cafaab6b5e,fd993101-d15c-422a-b22f-b2431d7b3afd,237229
9dbb4e1b-f513-42cb-8b5c-50f65ffb0cc2,caef6390-69cd-4ce6-b324-82996e417f64,350891
e3b5df28-03c2-4c62-9680-91b6b756bf12,21f017b4-43c0-49d2-a466-53381450b96d,169555
31b8dc6f-7f60-442f-9b42-0fd9088bd8c0,d1642541-ed4d-452a-b30a-90655c2a9154,67568
7bcf1ffb-b64e-4454-8cf4-3fd40dfdc1d6,0f0045ff-c307-4068-9c65-c2f82ee5a7dc,39238
d1642541-ed4d-452a-b30a-90655c2a9154,30f9eba9-88d2-49d8-a901-65a552797f62,245744
f213379c-5279-457f-b72d-793855a022eb,c9e4ef54-0d6b-4d12-94c0-3f2745ecc8e8,497652
bf5f74dd-dae1-4524-a35e-aa4abdff2b2a,6ded028f-f9f5-424b-b51b-f325ab3ef420,41702
34678989-2a9d-4a29-9cf6-e35d6f65829d,0c36a8d9-d37c-45d4-a462-059d3d93cd2e,360509
c5e27a53-8027-44f8-af2b-028116ab7cbb,caef6390-69cd-4ce6-b324-82996e417f64,68347
1a49100f-837a-4528-bc7d-c043cc188084,caef6390-69cd-4ce6-b324-82996e417f64,219039
0c6fe1e4-74b5-42ed-af64-ea53894dd070,dac6d170-3812-43c3-ad39-5d2aaf6a5b06,166413
e70b0075-bd8c-46bb-997e-4ebd03ca4ac9,9dbb4e1b-f513-42cb-8b5c-50f65ffb0cc2,87759
3e917f69-7ec1-4157-be53-a8517185e8bd,0dc500fb-be4f-4105-87c3-935651449cca,46448
6263620a-e31d-4f8f-b631-7f6504b2507a,07bb2192-b4a5-4207-9340-5c6a466508f4,68129
caef6390-69cd-4ce6-b324-82996e417f64,bcf7c96d-b08f-4c91-9ff0-fadef38453cd,334042
40e458b2-47bc-4bcd-bd06-46799cc2f26f,cbcf3874-ef38-4642-96a1-747881e23578,158116
2c8ae196-36bb-4d71-a4f7-c233d502da21,ecdab9e5-689c-40ed-bb65-214418a691bd,32695
25137207-f47a-4b22-866d-06edd11d0e2c,52f77875-3ad8-4dbe-9152-4eadfb8452af,65786
bf5f74dd-dae1-4524-a35e-aa4abdff2b2a,a51f1fa0-20e8-42a1-a2ae-50ef552e6b21,93957
0c36a8d9-d37c-45d4-a462-059d3d93cd2e,b7083d27-a9a9-47b8-b2b6-6c2058147148,45248
c5e347a9-228d-4c5f-b5c8-1260349ee4aa,87783dd7-60f7-4a24-8e9d-7cbee73bfcba,95074
f816fd01-1e5c-4d07-80bc-9d656f051011,9c6e8691-c05e-4348-8a88-de01bbedddbc,274334
4a4c0cda-fc72-4fac-94d3-58b69f3b1a9f,6c42edd0-4ba0-4852-8fa7-32cafaab6b5e,221493
ecdab9e5-689c-40ed-bb65-214418a691bd,21f017b4-43c0-49d2-a466-53381450b96d,175289
b7083d27-a9a9-47b8-b2b6-6c2058147148,3e917f69-7ec1-4157-be53-a8517185e8bd,188565
21f017b4-43c0-49d2-a466-53381450b96d,b86c00be-35c5-4219-ab23-2e38f9122c4a,201542
d3ec049c-e68f-4959-97f3-653a0d4c8e88,0c6fe1e4-74b5-42ed-af64-ea53894dd070,172363
31b8dc6f-7f60-442f-9b42-0fd9088bd8c0,6f2dd65e-8ad5-46e9-ad8f-b2912f72eac7,136038
1a1a9b04-bcc4-4f7d-be64-eb958185a5c7,14adab7f-cc26-471f-af1d-87e2cce472c5,35054
84b4790c-9e5a-4625-970c-3dc6a93ea945,458fae0d-5be8-4786-83e2-e2a85f500fb2,237071
07bb2192-b4a5-4207-9340-5c6a466508f4,0dc500fb-be4f-4105-87c3-935651449cca,105105
6263620a-e31d-4f8f-b631-7f6504b2507a,5b981d1d-7785-4400-98ce-a12c9f1757d9,223652
1a0c273e-aca0-4be3-9b23-64535c247c25,0c36a8d9-d37c-45d4-a462-059d3d93cd2e,173172
5ce6aa7f-bc48-4afc-a5fe-c31a3a4a4572,b9190ad7-1b4a-4416-b6fb-a4812d91a01c,473993
a44156a7-c5f9-4f22-b7d5-c96fff1caa7b,e3b5df28-03c2-4c62-9680-91b6b756bf12,117922
9c242ca1-c67f-4ab9-8fa3-2ee37d5e3f92,b7083d27-a9a9-47b8-b2b6-6c2058147148,117017
bbd3cecc-6a07-40c5-b3a4-d5b467745b66,6ded028f-f9f5-424b-b51b-f325ab3ef420,211155
dc49e694-176b-4e9e-874c-8883a9fc48e2,ecdab9e5-689c-40ed-bb65-214418a691bd,216352
5d1dec70-576e-4c53-9195-a9053c7bfb58,b911bf0e-a17c-44b2-b987-346d5638145b,81916
c7ca8261-a85d-4df0-bbd8-f586d271086d,b5318de2-bc74-4c7e-9f94-cb75bb7b2fca,150981
c5e27a53-8027-44f8-af2b-028116ab7cbb,5ba0d60a-6c5e-42fa-976a-1a951bed5c24,57027
086e2944-5833-45dc-beb3-7516ff26db06,3c41342d-5389-48fa-82e2-60409725f8b0,6979
6263620a-e31d-4f8f-b631-7f6504b2507a,c1a7d95e-c22e-4aa5-85f9-ed9c00da669b,129790
b5a09a7e-b487-45dc-b2c4-bc46d714d051,40e458b2-47bc-4bcd-bd06-46799cc2f26f,221255
1a0c273e-aca0-4be3-9b23-64535c247c25,5b60b7ac-9858-4e91-bed6-71f40322ccb9,185916
b5318de2-bc74-4c7e-9f94-cb75bb7b2fca,f2dcd5c3-4946-4f75-99e1-e90b532ba2bb,243709
6ded028f-f9f5-424b-b51b-f325ab3ef420,13257c5a-1805-4dbe-9dac-0851b60b8b56,263560
d1642541-ed4d-452a-b30a-90655c2a9154,f213379c-5279-457f-b72d-793855a022eb,405729
711051de-eb47-4098-8518-bf08535fcef4,d16ae7ef-de17-431e-9f26-ba47e5d01788,502031
8de8abe5-f33e-4996-af91-3797ee69c879,8482448d-58ba-4170-b0a9-7610d386f8a0,50544
0383be3a-a8ae-4ac0-8da7-c00854d7228a,b7e406ed-9a18-4a68-8827-470b9e361f2c,319411
aadea176-6e78-49d0-adb8-1249a90ea2ff,7bcf1ffb-b64e-4454-8cf4-3fd40dfdc1d6,351672
8de8abe5-f33e-4996-af91-3797ee69c879,21f017b4-43c0-49d2-a466-53381450b96d,119965
ad0a5f1a-acc2-4f8f-89a2-8c62971803bc,9c242ca1-c67f-4ab9-8fa3-2ee37d5e3f92,59500
6f15b2d3-f7a3-49eb-8edf-293df9af0f26,658af827-04c4-4226-a57e-9fbe148a3b67,231661
b7ebd07f-dc82-4643-a0ef-f0e3ed27a43b,933c5a45-d8fc-4584-88ac-a95ec6861b29,350696
c6546ced-e162-4990-b2e8-a9a763b7af00,21f017b4-43c0-49d2-a466-53381450b96d,61746
458fae0d-5be8-4786-83e2-e2a85f500fb2,5b60b7ac-9858-4e91-bed6-71f40322ccb9,254833
5f914c72-01b0-4c4a-9160-04e4cc34c2e3,c1a7d95e-c22e-4aa5-85f9-ed9c00da669b,246004
5f914c72-01b0-4c4a-9160-04e4cc34c2e3,30f7dbc6-f50a-4163-b0db-d6a2fe33e52c,185956
9c242ca1-c67f-4ab9-8fa3-2ee37d5e3f92,6548d053-fa4b-4259-974f-5930e09a53db,537648
6ded028f-f9f5-424b-b51b-f325ab3ef420,34678989-2a9d-4a29-9cf6-e35d6f65829d,159926
580285c1-fc60-4d75-9ac0-2d86f6481887,e14af718-b34f-495f-9217-c5f4fa65df34,69671
4a4c0cda-fc72-4fac-94d3-58b69f3b1a9f,c1a7d95e-c22e-4aa5-85f9-ed9c00da669b,178856
6371bf27-f57c-4859-a6d9-362277858b2f,92f932a0-0e9c-4bc0-83c1-be9bc94ed89d,18928
0edbcf7d-bd5b-4778-852c-a6c4281a5208,c1a7d95e-c22e-4aa5-85f9-ed9c00da669b,1092
30f9eba9-88d2-49d8-a901-65a552797f62,fd64b9eb-bebe-4fa6-a227-0399e8d22a7e,11899
d3c284a7-f72c-40ce-a5b5-0bec4fae7a16,30f7dbc6-f50a-4163-b0db-d6a2fe33e52c,371128
8482448d-58ba-4170-b0a9-7610d386f8a0,e526c9f2-66b8-4336-8acb-f238896614e5,576283
8d48a68d-1875-4545-b8ec-ff7398a3f7d0,15ff21cc-01b5-4735-868a-0398ed6178ae,28678
b911bf0e-a17c-44b2-b987-346d5638145b,0e356f5e-ede4-4ed8-9616-f9022b20ed45,220205
658af827-04c4-4226-a57e-9fbe148a3b67,f24fb2bd-9e5a-45a0-8ae5-2bdf30970624,201868
9c242ca1-c67f-4ab9-8fa3-2ee37d5e3f92,711051de-eb47-4098-8518-bf08535fcef4,496685
dbeea476-8e41-4174-9100-f979def21045,07bb2192-b4a5-4207-9340-5c6a466508f4,126164
c5e27a53-8027-44f8-af2b-028116ab7cbb,a44156a7-c5f9-4f22-b7d5-c96fff1caa7b,19144
8482448d-58ba-4170-b0a9-7610d386f8a0,a82f487d-5b74-484d-9b40-290b30275a95,291400
6ae37653-3d12-4d4c-82ed-ee2284d2f08c,bbd3cecc-6a07-40c5-b3a4-d5b467745b66,192146
08117383-989f-4538-b64a-0c50ed07d856,92f932a0-0e9c-4bc0-83c1-be9bc94ed89d,92822
40ef2290-48e1-456d-b614-b8c1c185aab4,c5e27a53-8027-44f8-af2b-028116ab7cbb,172261
f2dcd5c3-4946-4f75-99e1-e90b532ba2bb,163756c3-b01c-41f5-8a68-11778335a3a4,139690
73cfeeec-3f05-4e16-bb83-645437756093,14adab7f-cc26-471f-af1d-87e2cce472c5,187582
31b8dc6f-7f60-442f-9b42-0fd9088bd8c0,2c8ae196-36bb-4d71-a4f7-c233d502da21,290250
8b46fc7e-79db-4f14-82fd-2818eac1f54f,30f7dbc6-f50a-4163-b0db-d6a2fe33e52c,374749
d3c284a7-f72c-40ce-a5b5-0bec4fae7a16,c5e347a9-228d-4c5f-b5c8-1260349ee4aa,460177
bcbe792f-05c5-434e-bc07-0d54d991ffc6,23a4b8c1-9755-43ad-9b49-28f9eaff2f44,133113
30f7dbc6-f50a-4163-b0db-d6a2fe33e52c,40e458b2-47bc-4bcd-bd06-46799cc2f26f,298348
6f2dd65e-8ad5-46e9-ad8f-b2912f72eac7,bd071d9b-bc43-4595-81b2-708cf84271f6,346581
dd18e31a-ee64-43e0-96e5-4965c4d794b5,b5318de2-bc74-4c7e-9f94-cb75bb7b2fca,253742
58536085-db98-42ad-9708-78a3cd50ca2f,8482448d-58ba-4170-b0a9-7610d386f8a0,208136
b5a09a7e-b487-45dc-b2c4-bc46d714d051,043650a7-2d07-4291-936e-456468d24e10,202923
34678989-2a9d-4a29-9cf6-e35d6f65829d,a2626182-3880-4662-8606-abb0c357b6d0,107963
bcbe792f-05c5-434e-bc07-0d54d991ffc6,6f2dd65e-8ad5-46e9-ad8f-b2912f72eac7,130898
21f017b4-43c0-49d2-a466-53381450b96d,92f932a0-0e9c-4bc0-83c1-be9bc94ed89d,63872
8482448d-58ba-4170-b0a9-7610d386f8a0,9c6e8691-c05e-4348-8a88-de01bbedddbc,238967
e70b0075-bd8c-46bb-997e-4ebd03ca4ac9,34678989-2a9d-4a29-9cf6-e35d6f65829d,80467
b9a65165-bd8c-4c00-b011-85a6277190d1,c9e4ef54-0d6b-4d12-94c0-3f2745ecc8e8,93621
981db907-95dd-4716-b2cf-589e14dcbd7f,13257c5a-1805-4dbe-9dac-0851b60b8b56,250729
6ded028f-f9f5-424b-b51b-f325ab3ef420,c7ca8261-a85d-4df0-bbd8-f586d271086d,137620
8b46fc7e-79db-4f14-82fd-2818eac1f54f,a82f487d-5b74-484d-9b40-290b30275a95,504200
ad0a5f1a-acc2-4f8f-89a2-8c62971803bc,5ce6aa7f-bc48-4afc-a5fe-c31a3a4a4572,62552
15ff21cc-01b5-4735-868a-0398ed6178ae,e2200d51-c769-4975-a039-ae4990785f5a,26062
2605461a-b434-4a54-9043-f2f0d96d62f1,b06b4530-aed1-4fa1-a36f-25bf6c01806f,32544
bcbe792f-05c5-434e-bc07-0d54d991ffc6,1a0c273e-aca0-4be3-9b23-64535c247c25,74314
17a2b80c-3cd8-4b42-b5a1-bc2d67f0e9c0,25137207-f47a-4b22-866d-06edd11d0e2c,136481
b7e406ed-9a18-4a68-8827-470b9e361f2c,163756c3-b01c-41f5-8a68-11778335a3a4,143537
07901f83-6fe2-4afb-8145-baabd84c0f71,caef6390-69cd-4ce6-b324-82996e417f64,159316
f213379c-5279-457f-b72d-793855a022eb,043650a7-2d07-4291-936e-456468d24e10,308136
474eb34a-7e8d-4444-95ea-b71fd57e71ff,b06b4530-aed1-4fa1-a36f-25bf6c01806f,103311
0f0045ff-c307-4068-9c65-c2f82ee5a7dc,8d64e2ec-b310-4c29-9a24-168fb3e13733,244766
25137207-f47a-4b22-866d-06edd11d0e2c,17a2b80c-3cd8-4b42-b5a1-bc2d67f0e9c0,50752
658af827-04c4-4226-a57e-9fbe148a3b67,14adab7f-cc26-471f-af1d-87e2cce472c5,57403
1a49100f-837a-4528-bc7d-c043cc188084,03fc5a37-5bf8-4e86-aebe-964b97218b59,82415
c3b61646-a94a-49bc-a149-6e3404c5d6ea,e7072312-e089-4487-856c-6940c30a7791,202078
6f2dd65e-8ad5-46e9-ad8f-b2912f72eac7,21f017b4-43c0-49d2-a466-53381450b96d,220093
8d64e2ec-b310-4c29-9a24-168fb3e13733,93bdd36f-1197-47c1-99d6-32463626bf7d,30075
f8e269e8-fd1a-43c8-a82f-14c9c58e240f,163756c3-b01c-41f5-8a68-11778335a3a4,158129
bf5f74dd-dae1-4524-a35e-aa4abdff2b2a,981db907-95dd-4716-b2cf-589e14dcbd7f,68017
caef6390-69cd-4ce6-b324-82996e417f64,6371bf27-f57c-4859-a6d9-362277858b2f,74291
0c36a8d9-d37c-45d4-a462-059d3d93cd2e,d8edb366-5525-4d82-867c-2627b177613c,76115
0c36a8d9-d37c-45d4-a462-059d3d93cd2e,580285c1-fc60-4d75-9ac0-2d86f6481887,178275
bcf7c96d-b08f-4c91-9ff0-fadef38453cd,0c6fe1e4-74b5-42ed-af64-ea53894dd070,250680
bf4f7639-5c12-4b66-9f47-79320c7de8af,73cfeeec-3f05-4e16-bb83-645437756093,271832
bd071d9b-bc43-4595-81b2-708cf84271f6,21f017b4-43c0-49d2-a466-53381450b96d,315757
9c6e8691-c05e-4348-8a88-de01bbedddbc,a82f487d-5b74-484d-9b40-290b30275a95,5754
c7ca8261-a85d-4df0-bbd8-f586d271086d,6c42edd0-4ba0-4852-8fa7-32cafaab6b5e,281652
15ff21cc-01b5-4735-868a-0398ed6178ae,6ae37653-3d12-4d4c-82ed-ee2284d2f08c,27248
f8e269e8-fd1a-43c8-a82f-14c9c58e240f,afecc80b-9479-4048-a8dc-f7e282de3446,215120
08117383-989f-4538-b64a-0c50ed07d856,d1642541-ed4d-452a-b30a-90655c2a9154,43225
709b7754-003a-4b82-9243-2972090fdb81,83c54fb4-06cb-4eca-a889-aae5716896a7,65421
bbd3cecc-6a07-40c5-b3a4-d5b467745b66,4a4c0cda-fc72-4fac-94d3-58b69f3b1a9f,201367
dac6d170-3812-43c3-ad39-5d2aaf6a5b06,0c6fe1e4-74b5-42ed-af64-ea53894dd070,51125
caef6390-69cd-4ce6-b324-82996e417f64,6f2dd65e-8ad5-46e9-ad8f-b2912f72eac7,204560
5ed27fe8-f985-4a6d-bc05-16a3d4bd64da,086e2944-5833-45dc-beb3-7516ff26db06,145724
c5e27a53-8027-44f8-af2b-028116ab7cbb,b5318de2-bc74-4c7e-9f94-cb75bb7b2fca,72701
3c41342d-5389-48fa-82e2-60409725f8b0,5ce6aa7f-bc48-4afc-a5fe-c31a3a4a4572,197417
c5e347a9-228d-4c5f-b5c8-1260349ee4aa,6371bf27-f57c-4859-a6d9-362277858b2f,437981
25137207-f47a-4b22-866d-06edd11d0e2c,f1131a2b-d02d-40d0-89ff-879fd1ad2764,84263
ad0a5f1a-acc2-4f8f-89a2-8c62971803bc,0edbcf7d-bd5b-4778-852c-a6c4281a5208,76088
f095720d-a449-4584-974f-b13885b751a6,043650a7-2d07-4291-936e-456468d24e10,164473
03fc5a37-5bf8-4e86-aebe-964b97218b59,4c57dcd5-0b69-4fba-a218-be63358a8dfa,260060
7bf5c0ce-5637-42ce-9e01-be393373a1b0,711051de-eb47-4098-8518-bf08535fcef4,235433
e14af718-b34f-495f-9217-c5f4fa65df34,9c6e8691-c05e-4348-8a88-de01bbedddbc,188814
c5e27a53-8027-44f8-af2b-028116ab7cbb,e14af718-b34f-495f-9217-c5f4fa65df34,92322
2f9a6cb6-68d3-4c9a-9bff-72bfe74b8296,0c36a8d9-d37c-45d4-a462-059d3d93cd2e,110762
b7e406ed-9a18-4a68-8827-470b9e361f2c,83c54fb4-06cb-4eca-a889-aae5716896a7,294657
981db907-95dd-4716-b2cf-589e14dcbd7f,c4cb441b-59cb-4c0b-94ad-fee8dad2f7c0,444841
6263620a-e31d-4f8f-b631-7f6504b2507a,3e917f69-7ec1-4157-be53-a8517185e8bd,57075
07bb2192-b4a5-4207-9340-5c6a466508f4,15ff21cc-01b5-4735-868a-0398ed6178ae,433345
89ffc69d-b3f4-4964-aa9f-22802ec46752,c4cb441b-59cb-4c0b-94ad-fee8dad2f7c0,258712
b911bf0e-a17c-44b2-b987-346d5638145b,dd18e31a-ee64-43e0-96e5-4965c4d794b5,189680
e3b5df28-03c2-4c62-9680-91b6b756bf12,c9e4ef54-0d6b-4d12-94c0-3f2745ecc8e8,318477
34678989-2a9d-4a29-9cf6-e35d6f65829d,1a1a9b04-bcc4-4f7d-be64-eb958185a5c7,272080
a51f1fa0-20e8-42a1-a2ae-50ef552e6b21,043650a7-2d07-4291-936e-456468d24e10,231507
14adab7f-cc26-471f-af1d-87e2cce472c5,6f15b2d3-f7a3-49eb-8edf-293df9af0f26,88972
89ffc69d-b3f4-4964-aa9f-22802ec46752,8de8abe5-f33e-4996-af91-3797ee69c879,234138
6f15b2d3-f7a3-49eb-8edf-293df9af0f26,e14af718-b34f-495f-9217-c5f4fa65df34,305721
8d48a68d-1875-4545-b8ec-ff7398a3f7d0,bbd3cecc-6a07-40c5-b3a4-d5b467745b66,28681
8de8abe5-f33e-4996-af91-3797ee69c879,58536085-db98-42ad-9708-78a3cd50ca2f,68007
6263620a-e31d-4f8f-b631-7f6504b2507a,e3b5df28-03c2-4c62-9680-91b6b756bf12,157870
25137207-f47a-4b22-866d-06edd11d0e2c,83c54fb4-06cb-4eca-a889-aae5716896a7,71773
b911bf0e-a17c-44b2-b987-346d5638145b,3af13bd1-54d6-4d96-b540-b0d6b74f5cd4,141667
f2dcd5c3-4946-4f75-99e1-e90b532ba2bb,f213379c-5279-457f-b72d-793855a022eb,84733
8de8abe5-f33e-4996-af91-3797ee69c879,03fc5a37-5bf8-4e86-aebe-964b97218b59,90458
b911bf0e-a17c-44b2-b987-346d5638145b,8b46fc7e-79db-4f14-82fd-2818eac1f54f,256268
c9e4ef54-0d6b-4d12-94c0-3f2745ecc8e8,15ff21cc-01b5-4735-868a-0398ed6178ae,472890
21f017b4-43c0-49d2-a466-53381450b96d,30f7dbc6-f50a-4163-b0db-d6a2fe33e52c,172867
6263620a-e31d-4f8f-b631-7f6504b2507a,f8e269e8-fd1a-43c8-a82f-14c9c58e240f,172777
c4cb441b-59cb-4c0b-94ad-fee8dad2f7c0,93bdd36f-1197-47c1-99d6-32463626bf7d,27477
b9a65165-bd8c-4c00-b011-85a6277190d1,89ffc69d-b3f4-4964-aa9f-22802ec46752,440667
ad0a5f1a-acc2-4f8f-89a2-8c62971803bc,08117383-989f-4538-b64a-0c50ed07d856,107607
2f9a6cb6-68d3-4c9a-9bff-72bfe74b8296,bcbe792f-05c5-434e-bc07-0d54d991ffc6,139222
1a1a9b04-bcc4-4f7d-be64-eb958185a5c7,40e458b2-47bc-4bcd-bd06-46799cc2f26f,20007
08117383-989f-4538-b64a-0c50ed07d856,5d1dec70-576e-4c53-9195-a9053c7bfb58,132804
2f9a6cb6-68d3-4c9a-9bff-72bfe74b8296,2605461a-b434-4a54-9043-f2f0d96d62f1,64006
1a0c273e-aca0-4be3-9b23-64535c247c25,00e2290b-85b1-4904-8fa3-6efda0e8b3fd,185789
7bcf1ffb-b64e-4454-8cf4-3fd40dfdc1d6,f8e269e8-fd1a-43c8-a82f-14c9c58e240f,86689
00e2290b-85b1-4904-8fa3-6efda0e8b3fd,93bdd36f-1197-47c1-99d6-32463626bf7d,172809
c5e347a9-228d-4c5f-b5c8-1260349ee4aa,0edbcf7d-bd5b-4778-852c-a6c4281a5208,435863
07bb2192-b4a5-4207-9340-5c6a466508f4,a2626182-3880-4662-8606-abb0c357b6d0,390912
711051de-eb47-4098-8518-bf08535fcef4,709b7754-003a-4b82-9243-2972090fdb81,188854
f1131a2b-d02d-40d0-89ff-879fd1ad2764,8482448d-58ba-4170-b0a9-7610d386f8a0,86433
17a2b80c-3cd8-4b42-b5a1-bc2d67f0e9c0,cbcf3874-ef38-4642-96a1-747881e23578,189381
f1131a2b-d02d-40d0-89ff-879fd1ad2764,b5318de2-bc74-4c7e-9f94-cb75bb7b2fca,89530
458fae0d-5be8-4786-83e2-e2a85f500fb2,6f15b2d3-f7a3-49eb-8edf-293df9af0f26,314364
933c5a45-d8fc-4584-88ac-a95ec6861b29,1a0c273e-aca0-4be3-9b23-64535c247c25,130057
9dbb4e1b-f513-42cb-8b5c-50f65ffb0cc2,b7083d27-a9a9-47b8-b2b6-6c2058147148,127369
e14af718-b34f-495f-9217-c5f4fa65df34,f1131a2b-d02d-40d0-89ff-879fd1ad2764,250555
b86c00be-35c5-4219-ab23-2e38f9122c4a,b9a65165-bd8c-4c00-b011-85a6277190d1,77830
0edbcf7d-bd5b-4778-852c-a6c4281a5208,93bdd36f-1197-47c1-99d6-32463626bf7d,505
c3b61646-a94a-49bc-a149-6e3404c5d6ea,6ded028f-f9f5-424b-b51b-f325ab3ef420,128311
93bdd36f-1197-47c1-99d6-32463626bf7d,5b60b7ac-9858-4e91-bed6-71f40322ccb9,310953
5d1dec70-576e-4c53-9195-a9053c7bfb58,3af13bd1-54d6-4d96-b540-b0d6b74f5cd4,116855
08c7d61f-0307-4f27-a816-ee99e22a0822,6f15b2d3-f7a3-49eb-8edf-293df9af0f26,165738
fd64b9eb-bebe-4fa6-a227-0399e8d22a7e,40ef2290-48e1-456d-b614-b8c1c185aab4,157188
043650a7-2d07-4291-936e-456468d24e10,40ef2290-48e1-456d-b614-b8c1c185aab4,184545
23a4b8c1-9755-43ad-9b49-28f9eaff2f44,f63cfc9a-a6d9-4ce3-be1d-d50ed867bfac,74255
0dc500fb-be4f-4105-87c3-935651449cca,6c42edd0-4ba0-4852-8fa7-32cafaab6b5e,394650
8c2dab34-6abc-4a16-82bf-d2f1eabe3c72,b9190ad7-1b4a-4416-b6fb-a4812d91a01c,39801
b911bf0e-a17c-44b2-b987-346d5638145b,83c54fb4-06cb-4eca-a889-aae5716896a7,282405
c7ca8261-a85d-4df0-bbd8-f586d271086d,07bb2192-b4a5-4207-9340-5c6a466508f4,294136
bd071d9b-bc43-4595-81b2-708cf84271f6,fbcf16e8-f59e-4116-b7bd-19dd2cbb2309,251053
fd64b9eb-bebe-4fa6-a227-0399e8d22a7e,87783dd7-60f7-4a24-8e9d-7cbee73bfcba,385932
0f0045ff-c307-4068-9c65-c2f82ee5a7dc,580285c1-fc60-4d75-9ac0-2d86f6481887,132125
e70b0075-bd8c-46bb-997e-4ebd03ca4ac9,b7e406ed-9a18-4a68-8827-470b9e361f2c,22200
0c6fe1e4-74b5-42ed-af64-ea53894dd070,711051de-eb47-4098-8518-bf08535fcef4,69436
1a0c273e-aca0-4be3-9b23-64535c247c25,8d64e2ec-b310-4c29-9a24-168fb3e13733,80512
9dbb4e1b-f513-42cb-8b5c-50f65ffb0cc2,f1131a2b-d02d-40d0-89ff-879fd1ad2764,343974
1a49100f-837a-4528-bc7d-c043cc188084,87783dd7-60f7-4a24-8e9d-7cbee73bfcba,76108
163756c3-b01c-41f5-8a68-11778335a3a4,7c0ead32-a7fd-454f-ba37-7872f151d454,52087
c5e347a9-228d-4c5f-b5c8-1260349ee4aa,043650a7-2d07-4291-936e-456468d24e10,168413
fd993101-d15c-422a-b22f-b2431d7b3afd,9c6e8691-c05e-4348-8a88-de01bbedddbc,126910
0383be3a-a8ae-4ac0-8da7-c00854d7228a,6ded028f-f9f5-424b-b51b-f325ab3ef420,78280
73cfeeec-3f05-4e16-bb83-645437756093,0edbcf7d-bd5b-4778-852c-a6c4281a5208,87775
2c8ae196-36bb-4d71-a4f7-c233d502da21,c7ca8261-a85d-4df0-bbd8-f586d271086d,47355
bcbe792f-05c5-434e-bc07-0d54d991ffc6,5ed27fe8-f985-4a6d-bc05-16a3d4bd64da,52869
5f914c72-01b0-4c4a-9160-04e4cc34c2e3,5b981d1d-7785-4400-98ce-a12c9f1757d9,315474
5d1dec70-576e-4c53-9195-a9053c7bfb58,0dc500fb-be4f-4105-87c3-935651449cca,296119
0edbcf7d-bd5b-4778-852c-a6c4281a5208,6ae37653-3d12-4d4c-82ed-ee2284d2f08c,493
bcbe792f-05c5-434e-bc07-0d54d991ffc6,f2dcd5c3-4946-4f75-99e1-e90b532ba2bb,75270
e7072312-e089-4487-856c-6940c30a7791,3e917f69-7ec1-4157-be53-a8517185e8bd,230930
b7083d27-a9a9-47b8-b2b6-6c2058147148,6f2dd65e-8ad5-46e9-ad8f-b2912f72eac7,61488
6263620a-e31d-4f8f-b631-7f6504b2507a,ad0a5f1a-acc2-4f8f-89a2-8c62971803bc,131180
73cfeeec-3f05-4e16-bb83-645437756093,ecdab9e5-689c-40ed-bb65-214418a691bd,117533
25137207-f47a-4b22-866d-06edd11d0e2c,658af827-04c4-4226-a57e-9fbe148a3b67,34408
3e917f69-7ec1-4157-be53-a8517185e8bd,14adab7f-cc26-471f-af1d-87e2cce472c5,41750
ad0a5f1a-acc2-4f8f-89a2-8c62971803bc,6f15b2d3-f7a3-49eb-8edf-293df9af0f26,135670
8d48a68d-1875-4545-b8ec-ff7398a3f7d0,8482448d-58ba-4170-b0a9-7610d386f8a0,28355
6371bf27-f57c-4859-a6d9-362277858b2f,caef6390-69cd-4ce6-b324-82996e417f64,9078
f1131a2b-d02d-40d0-89ff-879fd1ad2764,6c42edd0-4ba0-4852-8fa7-32cafaab6b5e,44274
31b8dc6f-7f60-442f-9b42-0fd9088bd8c0,9d2fa4f6-c6da-42ee-8da2-217db6c8edc8,127818
9c6e8691-c05e-4348-8a88-de01bbedddbc,933c5a45-d8fc-4584-88ac-a95ec6861b29,4904
23a4b8c1-9755-43ad-9b49-28f9eaff2f44,709b7754-003a-4b82-9243-2972090fdb81,166957
3c41342d-5389-48fa-82e2-60409725f8b0,9d2fa4f6-c6da-42ee-8da2-217db6c8edc8,335037
f816fd01-1e5c-4d07-80bc-9d656f051011,f213379c-5279-457f-b72d-793855a022eb,260506
4c57dcd5-0b69-4fba-a218-be63358a8dfa,dac6d170-3812-43c3-ad39-5d2aaf6a5b06,151368
458fae0d-5be8-4786-83e2-e2a85f500fb2,c1a7d95e-c22e-4aa5-85f9-ed9c00da669b,132912
bcf7c96d-b08f-4c91-9ff0-fadef38453cd,bcbe792f-05c5-434e-bc07-0d54d991ffc6,212143
17a2b80c-3cd8-4b42-b5a1-bc2d67f0e9c0,b7e406ed-9a18-4a68-8827-470b9e361f2c,142363
709b7754-003a-4b82-9243-2972090fdb81,f2dcd5c3-4946-4f75-99e1-e90b532ba2bb,54191
03fc5a37-5bf8-4e86-aebe-964b97218b59,40ef2290-48e1-456d-b614-b8c1c185aab4,329605
6263620a-e31d-4f8f-b631-7f6504b2507a,dc49e694-176b-4e9e-874c-8883a9fc48e2,49900
b9190ad7-1b4a-4416-b6fb-a4812d91a01c,b7083d27-a9a9-47b8-b2b6-6c2058147148,223554
7bf5c0ce-5637-42ce-9e01-be393373a1b0,d8edb366-5525-4d82-867c-2627b177613c,306517
6ae37653-3d12-4d4c-82ed-ee2284d2f08c,f816fd01-1e5c-4d07-80bc-9d656f051011,134515
d16ae7ef-de17-431e-9f26-ba47e5d01788,043650a7-2d07-4291-936e-456468d24e10,228439
6c42edd0-4ba0-4852-8fa7-32cafaab6b5e,8de8abe5-f33e-4996-af91-3797ee69c879,242139
b06b4530-aed1-4fa1-a36f-25bf6c01806f,6f2dd65e-8ad5-46e9-ad8f-b2912f72eac7,23729
57741320-8e46-421b-980e-073d2994da30,f816fd01-1e5c-4d07-80bc-9d656f051011,429297
07bb2192-b4a5-4207-9340-5c6a466508f4,ad0a5f1a-acc2-4f8f-89a2-8c62971803bc,183317
25137207-f47a-4b22-866d-06edd11d0e2c,e70b0075-bd8c-46bb-997e-4ebd03ca4ac9,59741
aadea176-6e78-49d0-adb8-1249a90ea2ff,84b4790c-9e5a-4625-970c-3dc6a93ea945,114625
58536085-db98-42ad-9708-78a3cd50ca2f,34678989-2a9d-4a29-9cf6-e35d6f65829d,211337
c6546ced-e162-4990-b2e8-a9a763b7af00,fd993101-d15c-422a-b22f-b2431d7b3afd,52720
b06b4530-aed1-4fa1-a36f-25bf6c01806f,caef6390-69cd-4ce6-b324-82996e417f64,15349
bf4f7639-5c12-4b66-9f47-79320c7de8af,981db907-95dd-4716-b2cf-589e14dcbd7f,260358
6548d053-fa4b-4259-974f-5930e09a53db,0383be3a-a8ae-4ac0-8da7-c00854d7228a,7241
6f15b2d3-f7a3-49eb-8edf-293df9af0f26,a44156a7-c5f9-4f22-b7d5-c96fff1caa7b,118204
7bf5c0ce-5637-42ce-9e01-be393373a1b0,9dbb4e1b-f513-42cb-8b5c-50f65ffb0cc2,283968
b5318de2-bc74-4c7e-9f94-cb75bb7b2fca,6263620a-e31d-4f8f-b631-7f6504b2507a,256161
03fc5a37-5bf8-4e86-aebe-964b97218b59,6ae37653-3d12-4d4c-82ed-ee2284d2f08c,487322
b86c00be-35c5-4219-ab23-2e38f9122c4a,efe067ef-60f5-42f1-a4f3-4a9e502417a2,106914
163756c3-b01c-41f5-8a68-11778335a3a4,b7083d27-a9a9-47b8-b2b6-6c2058147148,98762
4a4c0cda-fc72-4fac-94d3-58b69f3b1a9f,bcbe792f-05c5-434e-bc07-0d54d991ffc6,178626
b5a09a7e-b487-45dc-b2c4-bc46d714d051,7bcf1ffb-b64e-4454-8cf4-3fd40dfdc1d6,188817
0c6fe1e4-74b5-42ed-af64-ea53894dd070,2c8ae196-36bb-4d71-a4f7-c233d502da21,66646
3e917f69-7ec1-4157-be53-a8517185e8bd,ad0a5f1a-acc2-4f8f-89a2-8c62971803bc,69105
c3b61646-a94a-49bc-a149-6e3404c5d6ea,40e458b2-47bc-4bcd-bd06-46799cc2f26f,74531
5d1dec70-576e-4c53-9195-a9053c7bfb58,e70b0075-bd8c-46bb-997e-4ebd03ca4ac9,158715
6548d053-fa4b-4259-974f-5930e09a53db,f24fb2bd-9e5a-45a0-8ae5-2bdf30970624,3111
13257c5a-1805-4dbe-9dac-0851b60b8b56,4a4c0cda-fc72-4fac-94d3-58b69f3b1a9f,273454
cbcf3874-ef38-4642-96a1-747881e23578,043650a7-2d07-4291-936e-456468d24e10,10803
9dbb4e1b-f513-42cb-8b5c-50f65ffb0cc2,52f77875-3ad8-4dbe-9152-4eadfb8452af,353118
9c242ca1-c67f-4ab9-8fa3-2ee37d5e3f92,2c8ae196-36bb-4d71-a4f7-c233d502da21,354170
458fae0d-5be8-4786-83e2-e2a85f500fb2,30f7dbc6-f50a-4163-b0db-d6a2fe33e52c,103723
30f7dbc6-f50a-4163-b0db-d6a2fe33e52c,c5cdf181-1120-4548-bdf2-b620064dc347,60874
6c42edd0-4ba0-4852-8fa7-32cafaab6b5e,e526c9f2-66b8-4336-8acb-f238896614e5,232980
84b4790c-9e5a-4625-970c-3dc6a93ea945,6c42edd0-4ba0-4852-8fa7-32cafaab6b5e,297376
bbd3cecc-6a07-40c5-b3a4-d5b467745b66,2c8ae196-36bb-4d71-a4f7-c233d502da21,174180
83c54fb4-06cb-4eca-a889-aae5716896a7,e14af718-b34f-495f-9217-c5f4fa65df34,25972
25137207-f47a-4b22-866d-06edd11d0e2c,5f914c72-01b0-4c4a-9160-04e4cc34c2e3,69320
1a49100f-837a-4528-bc7d-c043cc188084,ecdab9e5-689c-40ed-bb65-214418a691bd,63054
f2dcd5c3-4946-4f75-99e1-e90b532ba2bb,2f9a6cb6-68d3-4c9a-9bff-72bfe74b8296,63452
6371bf27-f57c-4859-a6d9-362277858b2f,0e356f5e-ede4-4ed8-9616-f9022b20ed45,10157
bf4f7639-5c12-4b66-9f47-79320c7de8af,d3ec049c-e68f-4959-97f3-653a0d4c8e88,253785
d8edb366-5525-4d82-867c-2627b177613c,30f9eba9-88d2-49d8-a901-65a552797f62,315691
8482448d-58ba-4170-b0a9-7610d386f8a0,e2200d51-c769-4975-a039-ae4990785f5a,212594
580285c1-fc60-4d75-9ac0-2d86f6481887,3e917f69-7ec1-4157-be53-a8517185e8bd,42594
e70b0075-bd8c-46bb-997e-4ebd03ca4ac9,711051de-eb47-4098-8518-bf08535fcef4,68324
4c57dcd5-0b69-4fba-a218-be63358a8dfa,cbcf3874-ef38-4642-96a1-747881e23578,68082
d1642541-ed4d-452a-b30a-90655c2a9154,5ed27fe8-f985-4a6d-bc05-16a3d4bd64da,160089
35f9f4c3-e1e5-4edd-900a-b9eb1eb250f5,d3ec049c-e68f-4959-97f3-653a0d4c8e88,166302
f1131a2b-d02d-40d0-89ff-879fd1ad2764,dac6d170-3812-43c3-ad39-5d2aaf6a5b06,34659
fbcf16e8-f59e-4116-b7bd-19dd2cbb2309,c5e27a53-8027-44f8-af2b-028116ab7cbb,94311
15ff21cc-01b5-4735-868a-0398ed6178ae,23a4b8c1-9755-43ad-9b49-28f9eaff2f44,14895
8b46fc7e-79db-4f14-82fd-2818eac1f54f,bd071d9b-bc43-4595-81b2-708cf84271f6,304662
458fae0d-5be8-4786-83e2-e2a85f500fb2,e7072312-e089-4487-856c-6940c30a7791,139208
d3ec049c-e68f-4959-97f3-653a0d4c8e88,2f9a6cb6-68d3-4c9a-9bff-72bfe74b8296,276465
e2200d51-c769-4975-a039-ae4990785f5a,163756c3-b01c-41f5-8a68-11778335a3a4,227932
8de8abe5-f33e-4996-af91-3797ee69c879,0edbcf7d-bd5b-4778-852c-a6c4281a5208,95956
d16ae7ef-de17-431e-9f26-ba47e5d01788,d3c284a7-f72c-40ce-a5b5-0bec4fae7a16,415153
07bb2192-b4a5-4207-9340-5c6a466508f4,0383be3a-a8ae-4ac0-8da7-c00854d7228a,276035
fd64b9eb-bebe-4fa6-a227-0399e8d22a7e,e70b0075-bd8c-46bb-997e-4ebd03ca4ac9,462254
84b4790c-9e5a-4625-970c-3dc6a93ea945,92f932a0-0e9c-4bc0-83c1-be9bc94ed89d,361712
b911bf0e-a17c-44b2-b987-346d5638145b,f2dcd5c3-4946-4f75-99e1-e90b532ba2bb,108938
bd4ebfbc-6ce1-4e0c-a9cc-a523ac7ad561,03fc5a37-5bf8-4e86-aebe-964b97218b59,218
e70b0075-bd8c-46bb-997e-4ebd03ca4ac9,1a1a9b04-bcc4-4f7d-be64-eb958185a5c7,17821
711051de-eb47-4098-8518-bf08535fcef4,caef6390-69cd-4ce6-b324-82996e417f64,230801
87783dd7-60f7-4a24-8e9d-7cbee73bfcba,92f932a0-0e9c-4bc0-83c1-be9bc94ed89d,98666
34678989-2a9d-4a29-9cf6-e35d6f65829d,6f2dd65e-8ad5-46e9-ad8f-b2912f72eac7,387671
dac6d170-3812-43c3-ad39-5d2aaf6a5b06,9c242ca1-c67f-4ab9-8fa3-2ee37d5e3f92,51357
35f9f4c3-e1e5-4edd-900a-b9eb1eb250f5,bd4ebfbc-6ce1-4e0c-a9cc-a523ac7ad561,154022
709b7754-003a-4b82-9243-2972090fdb81,5f914c72-01b0-4c4a-9160-04e4cc34c2e3,29872
5f914c72-01b0-4c4a-9160-04e4cc34c2e3,bd4ebfbc-6ce1-4e0c-a9cc-a523ac7ad561,464240
658af827-04c4-4226-a57e-9fbe148a3b67,34678989-2a9d-4a29-9cf6-e35d6f65829d,229721
a2626182-3880-4662-8606-abb0c357b6d0,4a4c0cda-fc72-4fac-94d3-58b69f3b1a9f,344243
6ded028f-f9f5-424b-b51b-f325ab3ef420,3c41342d-5389-48fa-82e2-60409725f8b0,261788
5ed27fe8-f985-4a6d-bc05-16a3d4bd64da,bf5f74dd-dae1-4524-a35e-aa4abdff2b2a,170949
e14af718-b34f-495f-9217-c5f4fa65df34,5ba0d60a-6c5e-42fa-976a-1a951bed5c24,93040
043650a7-2d07-4291-936e-456468d24e10,1a0c273e-aca0-4be3-9b23-64535c247c25,303007
c1a7d95e-c22e-4aa5-85f9-ed9c00da669b,f816fd01-1e5c-4d07-80bc-9d656f051011,190542
dd18e31a-ee64-43e0-96e5-4965c4d794b5,07bb2192-b4a5-4207-9340-5c6a466508f4,172603
6f2dd65e-8ad5-46e9-ad8f-b2912f72eac7,3c41342d-5389-48fa-82e2-60409725f8b0,106927
03fc5a37-5bf8-4e86-aebe-964b97218b59,086e2944-5833-45dc-beb3-7516ff26db06,370039
6c42edd0-4ba0-4852-8fa7-32cafaab6b5e,e14af718-b34f-495f-9217-c5f4fa65df34,343541
0383be3a-a8ae-4ac0-8da7-c00854d7228a,6263620a-e31d-4f8f-b631-7f6504b2507a,266611
13257c5a-1805-4dbe-9dac-0851b60b8b56,b7e406ed-9a18-4a68-8827-470b9e361f2c,151739
163756c3-b01c-41f5-8a68-11778335a3a4,0c36a8d9-d37c-45d4-a462-059d3d93cd2e,138770
23a4b8c1-9755-43ad-9b49-28f9eaff2f44,08117383-989f-4538-b64a-0c50ed07d856,233314
e2200d51-c769-4975-a039-ae4990785f5a,c4cb441b-59cb-4c0b-94ad-fee8dad2f7c0,148056
d3ec049c-e68f-4959-97f3-653a0d4c8e88,b7083d27-a9a9-47b8-b2b6-6c2058147148,160750
f63cfc9a-a6d9-4ce3-be1d-d50ed867bfac,0dc500fb-be4f-4105-87c3-935651449cca,93005
0f0045ff-c307-4068-9c65-c2f82ee5a7dc,6c42edd0-4ba0-4852-8fa7-32cafaab6b5e,83836
52f77875-3ad8-4dbe-9152-4eadfb8452af,07901f83-6fe2-4afb-8145-baabd84c0f71,149679
9c242ca1-c67f-4ab9-8fa3-2ee37d5e3f92,6ded028f-f9f5-424b-b51b-f325ab3ef420,378845
fd993101-d15c-422a-b22f-b2431d7b3afd,980534c9-a605-42f3-ac92-42d8cf06e938,267838
1a49100f-837a-4528-bc7d-c043cc188084,9dbb4e1b-f513-42cb-8b5c-50f65ffb0cc2,143479
0f0045ff-c307-4068-9c65-c2f82ee5a7dc,b7083d27-a9a9-47b8-b2b6-6c2058147148,266781
89ffc69d-b3f4-4964-aa9f-22802ec46752,13257c5a-1805-4dbe-9dac-0851b60b8b56,229077
afecc80b-9479-4048-a8dc-f7e282de3446,92f932a0-0e9c-4bc0-83c1-be9bc94ed89d,38516
35f9f4c3-e1e5-4edd-900a-b9eb1eb250f5,57741320-8e46-421b-980e-073d2994da30,128412
c5e347a9-228d-4c5f-b5c8-1260349ee4aa,f8e269e8-fd1a-43c8-a82f-14c9c58e240f,225672
57741320-8e46-421b-980e-073d2994da30,e526c9f2-66b8-4336-8acb-f238896614e5,118385
0383be3a-a8ae-4ac0-8da7-c00854d7228a,e3b5df28-03c2-4c62-9680-91b6b756bf12,67141
f816fd01-1e5c-4d07-80bc-9d656f051011,0edbcf7d-bd5b-4778-852c-a6c4281a5208,235946
2f9a6cb6-68d3-4c9a-9bff-72bfe74b8296,c4cb441b-59cb-4c0b-94ad-fee8dad2f7c0,190054
73cfeeec-3f05-4e16-bb83-645437756093,6f2dd65e-8ad5-46e9-ad8f-b2912f72eac7,218349
d16ae7ef-de17-431e-9f26-ba47e5d01788,c7ca8261-a85d-4df0-bbd8-f586d271086d,368506
c6546ced-e162-4990-b2e8-a9a763b7af00,086e2944-5833-45dc-beb3-7516ff26db06,122736
afecc80b-9479-4048-a8dc-f7e282de3446,89ffc69d-b3f4-4964-aa9f-22802ec46752,12870
0ff65cc8-c074-45ff-9e40-daf820b96529,086e2944-5833-45dc-beb3-7516ff26db06,112229
07901f83-6fe2-4afb-8145-baabd84c0f71,93bdd36f-1197-47c1-99d6-32463626bf7d,376936
bf5f74dd-dae1-4524-a35e-aa4abdff2b2a,981db907-95dd-4716-b2cf-589e14dcbd7f,100548
caef6390-69cd-4ce6-b324-82996e417f64,f213379c-5279-457f-b72d-793855a022eb,360159
efe067ef-60f5-42f1-a4f3-4a9e502417a2,c7ca8261-a85d-4df0-bbd8-f586d271086d,281573
2605461a-b434-4a54-9043-f2f0d96d62f1,2f9a6cb6-68d3-4c9a-9bff-72bfe74b8296,33621
8de8abe5-f33e-4996-af91-3797ee69c879,14adab7f-cc26-471f-af1d-87e2cce472c5,81491
f63cfc9a-a6d9-4ce3-be1d-d50ed867bfac,dbeea476-8e41-4174-9100-f979def21045,109606
bbd3cecc-6a07-40c5-b3a4-d5b467745b66,5ba0d60a-6c5e-42fa-976a-1a951bed5c24,243317
dac6d170-3812-43c3-ad39-5d2aaf6a5b06,6ae37653-3d12-4d4c-82ed-ee2284d2f08c,58644
b7ebd07f-dc82-4643-a0ef-f0e3ed27a43b,89ffc69d-b3f4-4964-aa9f-22802ec46752,150391
043650a7-2d07-4291-936e-456468d24e10,086e2944-5833-45dc-beb3-7516ff26db06,468906
8d48a68d-1875-4545-b8ec-ff7398a3f7d0,c9e4ef54-0d6b-4d12-94c0-3f2745ecc8e8,9286
6263620a-e31d-4f8f-b631-7f6504b2507a,043650a7-2d07-4291-936e-456468d24e10,112840
b7ebd07f-dc82-4643-a0ef-f0e3ed27a43b,458fae0d-5be8-4786-83e2-e2a85f500fb2,351395
a44156a7-c5f9-4f22-b7d5-c96fff1caa7b,2c8ae196-36bb-4d71-a4f7-c233d502da21,128352
dbeea476-8e41-4174-9100-f979def21045,b5318de2-bc74-4c7e-9f94-cb75bb7b2fca,216433
23a4b8c1-9755-43ad-9b49-28f9eaff2f44,34678989-2a9d-4a29-9cf6-e35d6f65829d,236260
92f932a0-0e9c-4bc0-83c1-be9bc94ed89d,658af827-04c4-4226-a57e-9fbe148a3b67,2327
709b7754-003a-4b82-9243-2972090fdb81,086e2944-5833-45dc-beb3-7516ff26db06,28776
cbcf3874-ef38-4642-96a1-747881e23578,b7ebd07f-dc82-4643-a0ef-f0e3ed27a43b,9781
b7083d27-a9a9-47b8-b2b6-6c2058147148,4c57dcd5-0b69-4fba-a218-be63358a8dfa,179157
aadea176-6e78-49d0-adb8-1249a90ea2ff,6263620a-e31d-4f8f-b631-7f6504b2507a,348780
c1a7d95e-c22e-4aa5-85f9-ed9c00da669b,52f77875-3ad8-4dbe-9152-4eadfb8452af,127293
fbcf16e8-f59e-4116-b7bd-19dd2cbb2309,b9a65165-bd8c-4c00-b011-85a6277190d1,52182
e7072312-e089-4487-856c-6940c30a7791,6f2dd65e-8ad5-46e9-ad8f-b2912f72eac7,103668
b86c00be-35c5-4219-ab23-2e38f9122c4a,00e2290b-85b1-4904-8fa3-6efda0e8b3fd,34466
b7ebd07f-dc82-4643-a0ef-f0e3ed27a43b,b7e406ed-9a18-4a68-8827-470b9e361f2c,147807
52f77875-3ad8-4dbe-9152-4eadfb8452af,0dc500fb-be4f-4105-87c3-935651449cca,143367
07bb2192-b4a5-4207-9340-5c6a466508f4,3af13bd1-54d6-4d96-b540-b0d6b74f5cd4,171601
f24fb2bd-9e5a-45a0-8ae5-2bdf30970624,5ce6aa7f-bc48-4afc-a5fe-c31a3a4a4572,8965
d16ae7ef-de17-431e-9f26-ba47e5d01788,bcf7c96d-b08f-4c91-9ff0-fadef38453cd,156078
bf5f74dd-dae1-4524-a35e-aa4abdff2b2a,580285c1-fc60-4d75-9ac0-2d86f6481887,62026
5f914c72-01b0-4c4a-9160-04e4cc34c2e3,e7072312-e089-4487-856c-6940c30a7791,542707
b5318de2-bc74-4c7e-9f94-cb75bb7b2fca,bf5f74dd-dae1-4524-a35e-aa4abdff2b2a,357432
c6546ced-e162-4990-b2e8-a9a763b7af00,8d48a68d-1875-4545-b8ec-ff7398a3f7d0,98376
03fc5a37-5bf8-4e86-aebe-964b97218b59,2f9a6cb6-68d3-4c9a-9bff-72bfe74b8296,336662
0f0045ff-c307-4068-9c65-c2f82ee5a7dc,03fc5a37-5bf8-4e86-aebe-964b97218b59,245480
b5a09a7e-b487-45dc-b2c4-bc46d714d051,2c8ae196-36bb-4d71-a4f7-c233d502da21,441591
9c6e8691-c05e-4348-8a88-de01bbedddbc,b06b4530-aed1-4fa1-a36f-25bf6c01806f,15822
17a2b80c-3cd8-4b42-b5a1-bc2d67f0e9c0,15ff21cc-01b5-4735-868a-0398ed6178ae,105992
e526c9f2-66b8-4336-8acb-f238896614e5,07901f83-6fe2-4afb-8145-baabd84c0f71,266836
3af13bd1-54d6-4d96-b540-b0d6b74f5cd4,bbd3cecc-6a07-40c5-b3a4-d5b467745b66,180834
7bcf1ffb-b64e-4454-8cf4-3fd40dfdc1d6,d8edb366-5525-4d82-867c-2627b177613c,68947
c5e347a9-228d-4c5f-b5c8-1260349ee4aa,92f932a0-0e9c-4bc0-83c1-be9bc94ed89d,202629
aadea176-6e78-49d0-adb8-1249a90ea2ff,1a1a9b04-bcc4-4f7d-be64-eb958185a5c7,232861
f816fd01-1e5c-4d07-80bc-9d656f051011,9dbb4e1b-f513-42cb-8b5c-50f65ffb0cc2,180586
89ffc69d-b3f4-4964-aa9f-22802ec46752,981db907-95dd-4716-b2cf-589e14dcbd7f,106448
2f9a6cb6-68d3-4c9a-9bff-72bfe74b8296,00e2290b-85b1-4904-8fa3-6efda0e8b3fd,157233
d1642541-ed4d-452a-b30a-90655c2a9154,b86c00be-35c5-4219-ab23-2e38f9122c4a,90593
2c8ae196-36bb-4d71-a4f7-c233d502da21,f095720d-a449-4584-974f-b13885b751a6,45373
08117383-989f-4538-b64a-0c50ed07d856,580285c1-fc60-4d75-9ac0-2d86f6481887,118037
13257c5a-1805-4dbe-9dac-0851b60b8b56,52f77875-3ad8-4dbe-9152-4eadfb8452af,246343
58536085-db98-42ad-9708-78a3cd50ca2f,b86c00be-35c5-4219-ab23-2e38f9122c4a,241743
981db907-95dd-4716-b2cf-589e14dcbd7f,6ded028f-f9f5-424b-b51b-f325ab3ef420,380001
8b46fc7e-79db-4f14-82fd-2818eac1f54f,ad0a5f1a-acc2-4f8f-89a2-8c62971803bc,333290
6c42edd0-4ba0-4852-8fa7-32cafaab6b5e,a51f1fa0-20e8-42a1-a2ae-50ef552e6b21,328903
6f2dd65e-8ad5-46e9-ad8f-b2912f72eac7,8de8abe5-f33e-4996-af91-3797ee69c879,358013
57741320-8e46-421b-980e-073d2994da30,0ff65cc8-c074-45ff-9e40-daf820b96529,125209
c9e4ef54-0d6b-4d12-94c0-3f2745ecc8e8,1a0c273e-aca0-4be3-9b23-64535c247c25,297389
87783dd7-60f7-4a24-8e9d-7cbee73bfcba,6263620a-e31d-4f8f-b631-7f6504b2507a,32036
a51f1fa0-20e8-42a1-a2ae-50ef552e6b21,a82f487d-5b74-484d-9b40-290b30275a95,130546
b911bf0e-a17c-44b2-b987-346d5638145b,8d48a68d-1875-4545-b8ec-ff7398a3f7d0,306810
0e356f5e-ede4-4ed8-9616-f9022b20ed45,c5e347a9-228d-4c5f-b5c8-1260349ee4aa,36390
7bcf1ffb-b64e-4454-8cf4-3fd40dfdc1d6,07bb2192-b4a5-4207-9340-5c6a466508f4,141274
23a4b8c1-9755-43ad-9b49-28f9eaff2f44,f1131a2b-d02d-40d0-89ff-879fd1ad2764,341280
2605461a-b434-4a54-9043-f2f0d96d62f1,7c0ead32-a7fd-454f-ba37-7872f151d454,13675
a51f1fa0-20e8-42a1-a2ae-50ef552e6b21,bbd3cecc-6a07-40c5-b3a4-d5b467745b66,390278
23a4b8c1-9755-43ad-9b49-28f9eaff2f44,ad0a5f1a-acc2-4f8f-89a2-8c62971803bc,127819
d3c284a7-f72c-40ce-a5b5-0bec4fae7a16,458fae0d-5be8-4786-83e2-e2a85f500fb2,454759
474eb34a-7e8d-4444-95ea-b71fd57e71ff,92f932a0-0e9c-4bc0-83c1-be9bc94ed89d,100580
35f9f4c3-e1e5-4edd-900a-b9eb1eb250f5,0edbcf7d-bd5b-4778-852c-a6c4281a5208,90996
57741320-8e46-421b-980e-073d2994da30,92f932a0-0e9c-4bc0-83c1-be9bc94ed89d,177955
52f77875-3ad8-4dbe-9152-4eadfb8452af,25137207-f47a-4b22-866d-06edd11d0e2c,114221
d1642541-ed4d-452a-b30a-90655c2a9154,163756c3-b01c-41f5-8a68-11778335a3a4,352976
6c42edd0-4ba0-4852-8fa7-32cafaab6b5e,711051de-eb47-4098-8518-bf08535fcef4,307156
17a2b80c-3cd8-4b42-b5a1-bc2d67f0e9c0,c5cdf181-1120-4548-bdf2-b620064dc347,131165
08c7d61f-0307-4f27-a816-ee99e22a0822,31b8dc6f-7f60-442f-9b42-0fd9088bd8c0,369440
fd993101-d15c-422a-b22f-b2431d7b3afd,5d1dec70-576e-4c53-9195-a9053c7bfb58,223893
e14af718-b34f-495f-9217-c5f4fa65df34,8482448d-58ba-4170-b0a9-7610d386f8a0,68533
84b4790c-9e5a-4625-970c-3dc6a93ea945,a82f487d-5b74-484d-9b40-290b30275a95,275954
dac6d170-3812-43c3-ad39-5d2aaf6a5b06,9dbb4e1b-f513-42cb-8b5c-50f65ffb0cc2,82237
fd993101-d15c-422a-b22f-b2431d7b3afd,aadea176-6e78-49d0-adb8-1249a90ea2ff,71454
bd071d9b-bc43-4595-81b2-708cf84271f6,17a2b80c-3cd8-4b42-b5a1-bc2d67f0e9c0,163388
08117383-989f-4538-b64a-0c50ed07d856,658af827-04c4-4226-a57e-9fbe148a3b67,96158
17a2b80c-3cd8-4b42-b5a1-bc2d67f0e9c0,cbcf3874-ef38-4642-96a1-747881e23578,228311
bcf7c96d-b08f-4c91-9ff0-fadef38453cd,40ef2290-48e1-456d-b614-b8c1c185aab4,284811
9dbb4e1b-f513-42cb-8b5c-50f65ffb0cc2,711051de-eb47-4098-8518-bf08535fcef4,453264
14adab7f-cc26-471f-af1d-87e2cce472c5,03fc5a37-5bf8-4e86-aebe-964b97218b59,67421
c5e347a9-228d-4c5f-b5c8-1260349ee4aa,fd64b9eb-bebe-4fa6-a227-0399e8d22a7e,482503
6ae37653-3d12-4d4c-82ed-ee2284d2f08c,e14af718-b34f-495f-9217-c5f4fa65df34,116609
4c57dcd5-0b69-4fba-a218-be63358a8dfa,b7083d27-a9a9-47b8-b2b6-6c2058147148,42625
a44156a7-c5f9-4f22-b7d5-c96fff1caa7b,5b60b7ac-9858-4e91-bed6-71f40322ccb9,135573
6548d053-fa4b-4259-974f-5930e09a53db,e70b0075-bd8c-46bb-997e-4ebd03ca4ac9,3906
efe067ef-60f5-42f1-a4f3-4a9e502417a2,4a4c0cda-fc72-4fac-94d3-58b69f3b1a9f,286919
580285c1-fc60-4d75-9ac0-2d86f6481887,1a0c273e-aca0-4be3-9b23-64535c247c25,110256
3af13bd1-54d6-4d96-b540-b0d6b74f5cd4,2605461a-b434-4a54-9043-f2f0d96d62f1,102295
c5e347a9-228d-4c5f-b5c8-1260349ee4aa,c5cdf181-1120-4548-bdf2-b620064dc347,354820
6ded028f-f9f5-424b-b51b-f325ab3ef420,52f77875-3ad8-4dbe-9152-4eadfb8452af,318162
6263620a-e31d-4f8f-b631-7f6504b2507a,f8e269e8-fd1a-43c8-a82f-14c9c58e240f,214534
87783dd7-60f7-4a24-8e9d-7cbee73bfcba,c3b61646-a94a-49bc-a149-6e3404c5d6ea,40521
b06b4530-aed1-4fa1-a36f-25bf6c01806f,c5e27a53-8027-44f8-af2b-028116ab7cbb,54343
4a4c0cda-fc72-4fac-94d3-58b69f3b1a9f,086e2944-5833-45dc-beb3-7516ff26db06,331055
e2200d51-c769-4975-a039-ae4990785f5a,a51f1fa0-20e8-42a1-a2ae-50ef552e6b21,525143
8d48a68d-1875-4545-b8ec-ff7398a3f7d0,658af827-04c4-4226-a57e-9fbe148a3b67,29411
21f017b4-43c0-49d2-a466-53381450b96d,9c6e8691-c05e-4348-8a88-de01bbedddbc,242648
23a4b8c1-9755-43ad-9b49-28f9eaff2f44,34678989-2a9d-4a29-9cf6-e35d6f65829d,290668
35f9f4c3-e1e5-4edd-900a-b9eb1eb250f5,c5cdf181-1120-4548-bdf2-b620064dc347,119598
bbd3cecc-6a07-40c5-b3a4-d5b467745b66,89ffc69d-b3f4-4964-aa9f-22802ec46752,116927
1a0c273e-aca0-4be3-9b23-64535c247c25,0ff65cc8-c074-45ff-9e40-daf820b96529,76894
bcbe792f-05c5-434e-bc07-0d54d991ffc6,40e458b2-47bc-4bcd-bd06-46799cc2f26f,131759
8d64e2ec-b310-4c29-9a24-168fb3e13733,c1a7d95e-c22e-4aa5-85f9-ed9c00da669b,11784
e526c9f2-66b8-4336-8acb-f238896614e5,7bf5c0ce-5637-42ce-9e01-be393373a1b0,431784
3c41342d-5389-48fa-82e2-60409725f8b0,9c6e8691-c05e-4348-8a88-de01bbedddbc,157522
92f932a0-0e9c-4bc0-83c1-be9bc94ed89d,658af827-04c4-4226-a57e-9fbe148a3b67,4384
5f914c72-01b0-4c4a-9160-04e4cc34c2e3,2c8ae196-36bb-4d71-a4f7-c233d502da21,147904
5f914c72-01b0-4c4a-9160-04e4cc34c2e3,933c5a45-d8fc-4584-88ac-a95ec6861b29,522246
658af827-04c4-4226-a57e-9fbe148a3b67,b911bf0e-a17c-44b2-b987-346d5638145b,63425
30f9eba9-88d2-49d8-a901-65a552797f62,08117383-989f-4538-b64a-0c50ed07d856,14120
d8edb366-5525-4d82-867c-2627b177613c,bd4ebfbc-6ce1-4e0c-a9cc-a523ac7ad561,335665
e526c9f2-66b8-4336-8acb-f238896614e5,efe067ef-60f5-42f1-a4f3-4a9e502417a2,209897
bd4ebfbc-6ce1-4e0c-a9cc-a523ac7ad561,0ff65cc8-c074-45ff-9e40-daf820b96529,1121
b7083d27-a9a9-47b8-b2b6-6c2058147148,c6546ced-e162-4990-b2e8-a9a763b7af00,90943
caef6390-69cd-4ce6-b324-82996e417f64,f24fb2bd-9e5a-45a0-8ae5-2bdf30970624,141868
5d1dec70-576e-4c53-9195-a9053c7bfb58,b911bf0e-a17c-44b2-b987-346d5638145b,129845
e7072312-e089-4487-856c-6940c30a7791,b7e406ed-9a18-4a68-8827-470b9e361f2c,214213
b9a65165-bd8c-4c00-b011-85a6277190d1,658af827-04c4-4226-a57e-9fbe148a3b67,391403
fd993101-d15c-422a-b22f-b2431d7b3afd,658af827-04c4-4226-a57e-9fbe148a3b67,46882
03fc5a37-5bf8-4e86-aebe-964b97218b59,9c242ca1-c67f-4ab9-8fa3-2ee37d5e3f92,263529
1a49100f-837a-4528-bc7d-c043cc188084,14adab7f-cc26-471f-af1d-87e2cce472c5,199720
5f914c72-01b0-4c4a-9160-04e4cc34c2e3,08c7d61f-0307-4f27-a816-ee99e22a0822,164139
d8edb366-5525-4d82-867c-2627b177613c,aadea176-6e78-49d0-adb8-1249a90ea2ff,352061
f8e269e8-fd1a-43c8-a82f-14c9c58e240f,fd64b9eb-bebe-4fa6-a227-0399e8d22a7e,245368
0e356f5e-ede4-4ed8-9616-f9022b20ed45,6f2dd65e-8ad5-46e9-ad8f-b2912f72eac7,75327
5f914c72-01b0-4c4a-9160-04e4cc34c2e3,0383be3a-a8ae-4ac0-8da7-c00854d7228a,101261
b7e406ed-9a18-4a68-8827-470b9e361f2c,086e2944-5833-45dc-beb3-7516ff26db06,219410
e526c9f2-66b8-4336-8acb-f238896614e5,a51f1fa0-20e8-42a1-a2ae-50ef552e6b21,171791
981db907-95dd-4716-b2cf-589e14dcbd7f,6548d053-fa4b-4259-974f-5930e09a53db,358165
5ce6aa7f-bc48-4afc-a5fe-c31a3a4a4572,aadea176-6e78-49d0-adb8-1249a90ea2ff,411164
83c54fb4-06cb-4eca-a889-aae5716896a7,6548d053-fa4b-4259-974f-5930e09a53db,22950
fd64b9eb-bebe-4fa6-a227-0399e8d22a7e,21f017b4-43c0-49d2-a466-53381450b96d,428841
bd4ebfbc-6ce1-4e0c-a9cc-a523ac7ad561,efe067ef-60f5-42f1-a4f3-4a9e502417a2,614
dc49e694-176b-4e9e-874c-8883a9fc48e2,8482448d-58ba-4170-b0a9-7610d386f8a0,518839
2f9a6cb6-68d3-4c9a-9bff-72bfe74b8296,709b7754-003a-4b82-9243-2972090fdb81,156544
b7ebd07f-dc82-4643-a0ef-f0e3ed27a43b,6371bf27-f57c-4859-a6d9-362277858b2f,184838
9d2fa4f6-c6da-42ee-8da2-217db6c8edc8,00e2290b-85b1-4904-8fa3-6efda0e8b3fd,197481
92f932a0-0e9c-4bc0-83c1-be9bc94ed89d,8d48a68d-1875-4545-b8ec-ff7398a3f7d0,1671
4a4c0cda-fc72-4fac-94d3-58b69f3b1a9f,34678989-2a9d-4a29-9cf6-e35d6f65829d,103802
07bb2192-b4a5-4207-9340-5c6a466508f4,3e917f69-7ec1-4157-be53-a8517185e8bd,191279
6ded028f-f9f5-424b-b51b-f325ab3ef420,bd071d9b-bc43-4595-81b2-708cf84271f6,326368
dbeea476-8e41-4174-9100-f979def21045,58536085-db98-42ad-9708-78a3cd50ca2f,193583
bd071d9b-bc43-4595-81b2-708cf84271f6,f24fb2bd-9e5a-45a0-8ae5-2bdf30970624,183563
0383be3a-a8ae-4ac0-8da7-c00854d7228a,e14af718-b34f-495f-9217-c5f4fa65df34,74426
bbd3cecc-6a07-40c5-b3a4-d5b467745b66,17a2b80c-3cd8-4b42-b5a1-bc2d67f0e9c0,131088
c4cb441b-59cb-4c0b-94ad-fee8dad2f7c0,8de8abe5-f33e-4996-af91-3797ee69c879,13203
bbd3cecc-6a07-40c5-b3a4-d5b467745b66,73cfeeec-3f05-4e16-bb83-645437756093,88883
25137207-f47a-4b22-866d-06edd11d0e2c,08c7d61f-0307-4f27-a816-ee99e22a0822,67433
fd64b9eb-bebe-4fa6-a227-0399e8d22a7e,c5e27a53-8027-44f8-af2b-028116ab7cbb,225609
9d2fa4f6-c6da-42ee-8da2-217db6c8edc8,35f9f4c3-e1e5-4edd-900a-b9eb1eb250f5,404665
e526c9f2-66b8-4336-8acb-f238896614e5,b7e406ed-9a18-4a68-8827-470b9e361f2c,312538
b9190ad7-1b4a-4416-b6fb-a4812d91a01c,bd4ebfbc-6ce1-4e0c-a9cc-a523ac7ad561,89661
07bb2192-b4a5-4207-9340-5c6a466508f4,0ff65cc8-c074-45ff-9e40-daf820b96529,431263
cbcf3874-ef38-4642-96a1-747881e23578,5ba0d60a-6c5e-42fa-976a-1a951bed5c24,43324
cbcf3874-ef38-4642-96a1-747881e23578,f816fd01-1e5c-4d07-80bc-9d656f051011,30349
c1a7d95e-c22e-4aa5-85f9-ed9c00da669b,c5e27a53-8027-44f8-af2b-028116ab7cbb,175458
b911bf0e-a17c-44b2-b987-346d5638145b,0e356f5e-ede4-4ed8-9616-f9022b20ed45,102953
ecdab9e5-689c-40ed-bb65-214418a691bd,e7072312-e089-4487-856c-6940c30a7791,179356
bf4f7639-5c12-4b66-9f47-79320c7de8af,6548d053-fa4b-4259-974f-5930e09a53db,255312
980534c9-a605-42f3-ac92-42d8cf06e938,4c57dcd5-0b69-4fba-a218-be63358a8dfa,567549
5ce6aa7f-bc48-4afc-a5fe-c31a3a4a4572,dbeea476-8e41-4174-9100-f979def21045,290170
23a4b8c1-9755-43ad-9b49-28f9eaff2f44,b5318de2-bc74-4c7e-9f94-cb75bb7b2fca,332173
6ae37653-3d12-4d4c-82ed-ee2284d2f08c,c5e27a53-8027-44f8-af2b-028116ab7cbb,163408
25137207-f47a-4b22-866d-06edd11d0e2c,89ffc69d-b3f4-4964-aa9f-22802ec46752,66505
086e2944-5833-45dc-beb3-7516ff26db06,4a4c0cda-fc72-4fac-94d3-58b69f3b1a9f,10043
6f15b2d3-f7a3-49eb-8edf-293df9af0f26,b7e406ed-9a18-4a68-8827-470b9e361f2c,119901
a2626182-3880-4662-8606-abb0c357b6d0,00e2290b-85b1-4904-8fa3-6efda0e8b3fd,91372
a2626182-3880-4662-8606-abb0c357b6d0,f8e269e8-fd1a-43c8-a82f-14c9c58e240f,327441
ad0a5f1a-acc2-4f8f-89a2-8c62971803bc,b5318de2-bc74-4c7e-9f94-cb75bb7b2fca,119838
bd4ebfbc-6ce1-4e0c-a9cc-a523ac7ad561,dd18e31a-ee64-43e0-96e5-4965c4d794b5,1033
bcbe792f-05c5-434e-bc07-0d54d991ffc6,14adab7f-cc26-471f-af1d-87e2cce472c5,89432
e7072312-e089-4487-856c-6940c30a7791,5d1dec70-576e-4c53-9195-a9053c7bfb58,187788
14adab7f-cc26-471f-af1d-87e2cce472c5,bd4ebfbc-6ce1-4e0c-a9cc-a523ac7ad561,138460
3af13bd1-54d6-4d96-b540-b0d6b74f5cd4,93bdd36f-1197-47c1-99d6-32463626bf7d,92578
4c57dcd5-0b69-4fba-a218-be63358a8dfa,f1131a2b-d02d-40d0-89ff-879fd1ad2764,133359
e3b5df28-03c2-4c62-9680-91b6b756bf12,7bf5c0ce-5637-42ce-9e01-be393373a1b0,535928
8c2dab34-6abc-4a16-82bf-d2f1eabe3c72,7bcf1ffb-b64e-4454-8cf4-3fd40dfdc1d6,53908
84b4790c-9e5a-4625-970c-3dc6a93ea945,981db907-95dd-4716-b2cf-589e14dcbd7f,299811
9c6e8691-c05e-4348-8a88-de01bbedddbc,d1642541-ed4d-452a-b30a-90655c2a9154,10672
bbd3cecc-6a07-40c5-b3a4-d5b467745b66,d16ae7ef-de17-431e-9f26-ba47e5d01788,68869
bf4f7639-5c12-4b66-9f47-79320c7de8af,7bf5c0ce-5637-42ce-9e01-be393373a1b0,183968
a44156a7-c5f9-4f22-b7d5-c96fff1caa7b,35f9f4c3-e1e5-4edd-900a-b9eb1eb250f5,147719
f095720d-a449-4584-974f-b13885b751a6,8de8abe5-f33e-4996-af91-3797ee69c879,166707
2f9a6cb6-68d3-4c9a-9bff-72bfe74b8296,fd993101-d15c-422a-b22f-b2431d7b3afd,174722
b9190ad7-1b4a-4416-b6fb-a4812d91a01c,f1131a2b-d02d-40d0-89ff-879fd1ad2764,369928
dc49e694-176b-4e9e-874c-8883a9fc48e2,0c36a8d9-d37c-45d4-a462-059d3d93cd2e,398469
34678989-2a9d-4a29-9cf6-e35d6f65829d,b9a65165-bd8c-4c00-b011-85a6277190d1,263032
2605461a-b434-4a54-9043-f2f0d96d62f1,c5e27a53-8027-44f8-af2b-028116ab7cbb,48790
8b46fc7e-79db-4f14-82fd-2818eac1f54f,5ed27fe8-f985-4a6d-bc05-16a3d4bd64da,152055
8de8abe5-f33e-4996-af91-3797ee69c879,5d1dec70-576e-4c53-9195-a9053c7bfb58,34992
aadea176-6e78-49d0-adb8-1249a90ea2ff,9dbb4e1b-f513-42cb-8b5c-50f65ffb0cc2,74740
5ce6aa7f-bc48-4afc-a5fe-c31a3a4a4572,87783dd7-60f7-4a24-8e9d-7cbee73bfcba,470165
5ed27fe8-f985-4a6d-bc05-16a3d4bd64da,6f2dd65e-8ad5-46e9-ad8f-b2912f72eac7,169345
40ef2290-48e1-456d-b614-b8c1c185aab4,6548d053-fa4b-4259-974f-5930e09a53db,131988
d8edb366-5525-4d82-867c-2627b177613c,3e917f69-7ec1-4157-be53-a8517185e8bd,96087
d3c284a7-f72c-40ce-a5b5-0bec4fae7a16,3e917f69-7ec1-4157-be53-a8517185e8bd,507714
d3ec049c-e68f-4959-97f3-653a0d4c8e88,fd993101-d15c-422a-b22f-b2431d7b3afd,152758
34678989-2a9d-4a29-9cf6-e35d6f65829d,1a49100f-837a-4528-bc7d-c043cc188084,441259
e70b0075-bd8c-46bb-997e-4ebd03ca4ac9,b911bf0e-a17c-44b2-b987-346d5638145b,75470
b7e406ed-9a18-4a68-8827-470b9e361f2c,aadea176-6e78-49d0-adb8-1249a90ea2ff,355846
d16ae7ef-de17-431e-9f26-ba47e5d01788,0edbcf7d-bd5b-4778-852c-a6c4281a5208,149648
2c8ae196-36bb-4d71-a4f7-c233d502da21,13257c5a-1805-4dbe-9dac-0851b60b8b56,45435
b7e406ed-9a18-4a68-8827-470b9e361f2c,c5cdf181-1120-4548-bdf2-b620064dc347,382665
21f017b4-43c0-49d2-a466-53381450b96d,84b4790c-9e5a-4625-970c-3dc6a93ea945,107517
bf4f7639-5c12-4b66-9f47-79320c7de8af,dd18e31a-ee64-43e0-96e5-4965c4d794b5,253180
7bcf1ffb-b64e-4454-8cf4-3fd40dfdc1d6,07901f83-6fe2-4afb-8145-baabd84c0f71,61736
2605461a-b434-4a54-9043-f2f0d96d62f1,5ce6aa7f-bc48-4afc-a5fe-c31a3a4a4572,31265
c5cdf181-1120-4548-bdf2-b620064dc347,0edbcf7d-bd5b-4778-852c-a6c4281a5208,314531
14adab7f-cc26-471f-af1d-87e2cce472c5,6ae37653-3d12-4d4c-82ed-ee2284d2f08c,44529
0edbcf7d-bd5b-4778-852c-a6c4281a5208,474eb34a-7e8d-4444-95ea-b71fd57e71ff,881
89ffc69d-b3f4-4964-aa9f-22802ec46752,1a1a9b04-bcc4-4f7d-be64-eb958185a5c7,363930
8482448d-58ba-4170-b0a9-7610d386f8a0,07901f83-6fe2-4afb-8145-baabd84c0f71,456118
c5e27a53-8027-44f8-af2b-028116ab7cbb,b911bf0e-a17c-44b2-b987-346d5638145b,18967
b7e406ed-9a18-4a68-8827-470b9e361f2c,709b7754-003a-4b82-9243-2972090fdb81,204792
6ae37653-3d12-4d4c-82ed-ee2284d2f08c,bbd3cecc-6a07-40c5-b3a4-d5b467745b66,424387
afecc80b-9479-4048-a8dc-f7e282de3446,6c42edd0-4ba0-4852-8fa7-32cafaab6b5e,38703
8d64e2ec-b310-4c29-9a24-168fb3e13733,5ba0d60a-6c5e-42fa-976a-1a951bed5c24,32278
dd18e31a-ee64-43e0-96e5-4965c4d794b5,08c7d61f-0307-4f27-a816-ee99e22a0822,431353
163756c3-b01c-41f5-8a68-11778335a3a4,7c0ead32-a7fd-454f-ba37-7872f151d454,70828
c5cdf181-1120-4548-bdf2-b620064dc347,9c6e8691-c05e-4348-8a88-de01bbedddbc,457471
08117383-989f-4538-b64a-0c50ed07d856,d3c284a7-f72c-40ce-a5b5-0bec4fae7a16,38116
b7ebd07f-dc82-4643-a0ef-f0e3ed27a43b,d16ae7ef-de17-431e-9f26-ba47e5d01788,128657
7bcf1ffb-b64e-4454-8cf4-3fd40dfdc1d6,6548d053-fa4b-4259-974f-5930e09a53db,107870
fd993101-d15c-422a-b22f-b2431d7b3afd,ecdab9e5-689c-40ed-bb65-214418a691bd,72586
caef6390-69cd-4ce6-b324-82996e417f64,14adab7f-cc26-471f-af1d-87e2cce472c5,324539
1a49100f-837a-4528-bc7d-c043cc188084,6548d053-fa4b-4259-974f-5930e09a53db,292430
c5e27a53-8027-44f8-af2b-028116ab7cbb,d1642541-ed4d-452a-b30a-90655c2a9154,21303
709b7754-003a-4b82-9243-2972090fdb81,6c42edd0-4ba0-4852-8fa7-32cafaab6b5e,15275
b911bf0e-a17c-44b2-b987-346d5638145b,7c0ead32-a7fd-454f-ba37-7872f151d454,267712
15ff21cc-01b5-4735-868a-0398ed6178ae,0c36a8d9-d37c-45d4-a462-059d3d93cd2e,15068
658af827-04c4-4226-a57e-9fbe148a3b67,30f9eba9-88d2-49d8-a901-65a552797f62,231365
f24fb2bd-9e5a-45a0-8ae5-2bdf30970624,e70b0075-bd8c-46bb-997e-4ebd03ca4ac9,13191
3af13bd1-54d6-4d96-b540-b0d6b74f5cd4,8d48a68d-1875-4545-b8ec-ff7398a3f7d0,33357
15ff21cc-01b5-4735-868a-0398ed6178ae,0dc500fb-be4f-4105-87c3-935651449cca,27719
8d48a68d-1875-4545-b8ec-ff7398a3f7d0,1a49100f-837a-4528-bc7d-c043cc188084,15124
dc49e694-176b-4e9e-874c-8883a9fc48e2,13257c5a-1805-4dbe-9dac-0851b60b8b56,357343
c7ca8261-a85d-4df0-bbd8-f586d271086d,e2200d51-c769-4975-a039-ae4990785f5a,222686
5ce6aa7f-bc48-4afc-a5fe-c31a3a4a4572,30f9eba9-88d2-49d8-a901-65a552797f62,509298
92f932a0-0e9c-4bc0-83c1-be9bc94ed89d,e14af718-b34f-495f-9217-c5f4fa65df34,4382
f095720d-a449-4584-974f-b13885b751a6,c7ca8261-a85d-4df0-bbd8-f586d271086d,101237
f816fd01-1e5c-4d07-80bc-9d656f051011,e70b0075-bd8c-46bb-997e-4ebd03ca4ac9,118834
b7e406ed-9a18-4a68-8827-470b9e361f2c,aadea176-6e78-49d0-adb8-1249a90ea2ff,315804
52f77875-3ad8-4dbe-9152-4eadfb8452af,8d64e2ec-b310-4c29-9a24-168fb3e13733,44494
7bf5c0ce-5637-42ce-9e01-be393373a1b0,5ce6aa7f-bc48-4afc-a5fe-c31a3a4a4572,131635
0c6fe1e4-74b5-42ed-af64-ea53894dd070,84b4790c-9e5a-4625-970c-3dc6a93ea945,218729
57741320-8e46-421b-980e-073d2994da30,981db907-95dd-4716-b2cf-589e14dcbd7f,389280
0ff65cc8-c074-45ff-9e40-daf820b96529,933c5a45-d8fc-4584-88ac-a95ec6861b29,81356
17a2b80c-3cd8-4b42-b5a1-bc2d67f0e9c0,40e458b2-47bc-4bcd-bd06-46799cc2f26f,246368
30f7dbc6-f50a-4163-b0db-d6a2fe33e52c,93bdd36f-1197-47c1-99d6-32463626bf7d,200539
0c36a8d9-d37c-45d4-a462-059d3d93cd2e,e526c9f2-66b8-4336-8acb-f238896614e5,146869
34678989-2a9d-4a29-9cf6-e35d6f65829d,5ba0d60a-6c5e-42fa-976a-1a951bed5c24,82637
0f0045ff-c307-4068-9c65-c2f82ee5a7dc,2c8ae196-36bb-4d71-a4f7-c233d502da21,113554
89ffc69d-b3f4-4964-aa9f-22802ec46752,8d48a68d-1875-4545-b8ec-ff7398a3f7d0,317760
e70b0075-bd8c-46bb-997e-4ebd03ca4ac9,0c36a8d9-d37c-45d4-a462-059d3d93cd2e,88396
fbcf16e8-f59e-4116-b7bd-19dd2cbb2309,e7072312-e089-4487-856c-6940c30a7791,48378
9c242ca1-c67f-4ab9-8fa3-2ee37d5e3f92,1a0c273e-aca0-4be3-9b23-64535c247c25,225549
b7ebd07f-dc82-4643-a0ef-f0e3ed27a43b,f2dcd5c3-4946-4f75-99e1-e90b532ba2bb,466823
163756c3-b01c-41f5-8a68-11778335a3a4,fd993101-d15c-422a-b22f-b2431d7b3afd,88631
03fc5a37-5bf8-4e86-aebe-964b97218b59,e2200d51-c769-4975-a039-ae4990785f5a,239726
4a4c0cda-fc72-4fac-94d3-58b69f3b1a9f,e7072312-e089-4487-856c-6940c30a7791,221430
efe067ef-60f5-42f1-a4f3-4a9e502417a2,933c5a45-d8fc-4584-88ac-a95ec6861b29,182178
c4cb441b-59cb-4c0b-94ad-fee8dad2f7c0,5ed27fe8-f985-4a6d-bc05-16a3d4bd64da,27004
9c6e8691-c05e-4348-8a88-de01bbedddbc,0c6fe1e4-74b5-42ed-af64-ea53894dd070,4816
25137207-f47a-4b22-866d-06edd11d0e2c,a2626182-3880-4662-8606-abb0c357b6d0,56165
b9a65165-bd8c-4c00-b011-85a6277190d1,9c242ca1-c67f-4ab9-8fa3-2ee37d5e3f92,192193
afecc80b-9479-4048-a8dc-f7e282de3446,1a49100f-837a-4528-bc7d-c043cc188084,36138
9c242ca1-c67f-4ab9-8fa3-2ee37d5e3f92,5f914c72-01b0-4c4a-9160-04e4cc34c2e3,203974
bd071d9b-bc43-4595-81b2-708cf84271f6,933c5a45-d8fc-4584-88ac-a95ec6861b29,143183
9c242ca1-c67f-4ab9-8fa3-2ee37d5e3f92,4c57dcd5-0b69-4fba-a218-be63358a8dfa,238359
03fc5a37-5bf8-4e86-aebe-964b97218b59,7c0ead32-a7fd-454f-ba37-7872f151d454,206578
b9190ad7-1b4a-4416-b6fb-a4812d91a01c,5ba0d60a-6c5e-42fa-976a-1a951bed5c24,118806
b86c00be-35c5-4219-ab23-2e38f9122c4a,08c7d61f-0307-4f27-a816-ee99e22a0822,88548
7bf5c0ce-5637-42ce-9e01-be393373a1b0,bcf7c96d-b08f-4c91-9ff0-fadef38453cd,83180
0c36a8d9-d37c-45d4-a462-059d3d93cd2e,89ffc69d-b3f4-4964-aa9f-22802ec46752,52287
21f017b4-43c0-49d2-a466-53381450b96d,e3b5df28-03c2-4c62-9680-91b6b756bf12,73975
bbd3cecc-6a07-40c5-b3a4-d5b467745b66,458fae0d-5be8-4786-83e2-e2a85f500fb2,70484
52f77875-3ad8-4dbe-9152-4eadfb8452af,b7083d27-a9a9-47b8-b2b6-6c2058147148,34725
dd18e31a-ee64-43e0-96e5-4965c4d794b5,9c6e8691-c05e-4348-8a88-de01bbedddbc,366993
b7ebd07f-dc82-4643-a0ef-f0e3ed27a43b,4a4c0cda-fc72-4fac-94d3-58b69f3b1a9f,360953
92f932a0-0e9c-4bc0-83c1-be9bc94ed89d,a82f487d-5b74-484d-9b40-290b30275a95,2763
bbd3cecc-6a07-40c5-b3a4-d5b467745b66,dc49e694-176b-4e9e-874c-8883a9fc48e2,234910
e7072312-e089-4487-856c-6940c30a7791,52f77875-3ad8-4dbe-9152-4eadfb8452af,143577
0c36a8d9-d37c-45d4-a462-059d3d93cd2e,c4cb441b-59cb-4c0b-94ad-fee8dad2f7c0,122326
a51f1fa0-20e8-42a1-a2ae-50ef552e6b21,15ff21cc-01b5-4735-868a-0398ed6178ae,91732
f095720d-a449-4584-974f-b13885b751a6,a2626182-3880-4662-8606-abb0c357b6d0,120948
08c7d61f-0307-4f27-a816-ee99e22a0822,e70b0075-bd8c-46bb-997e-4ebd03ca4ac9,354815
03fc5a37-5bf8-4e86-aebe-964b97218b59,981db907-95dd-4716-b2cf-589e14dcbd7f,495700
5d1dec70-576e-4c53-9195-a9053c7bfb58,a2626182-3880-4662-8606-abb0c357b6d0,254778
52f77875-3ad8-4dbe-9152-4eadfb8452af,043650a7-2d07-4291-936e-456468d24e10,179053
b5a09a7e-b487-45dc-b2c4-bc46d714d051,caef6390-69cd-4ce6-b324-82996e417f64,98387
f2dcd5c3-4946-4f75-99e1-e90b532ba2bb,2c8ae196-36bb-4d71-a4f7-c233d502da21,240909
5b981d1d-7785-4400-98ce-a12c9f1757d9,8d64e2ec-b310-4c29-9a24-168fb3e13733,458613
23a4b8c1-9755-43ad-9b49-28f9eaff2f44,e70b0075-bd8c-46bb-997e-4ebd03ca4ac9,192800
b5a09a7e-b487-45dc-b2c4-bc46d714d051,f8e269e8-fd1a-43c8-a82f-14c9c58e240f,432562
c5e347a9-228d-4c5f-b5c8-1260349ee4aa,b5a09a7e-b487-45dc-b2c4-bc46d714d051,152151
6548d053-fa4b-4259-974f-5930e09a53db,08c7d61f-0307-4f27-a816-ee99e22a0822,3852
f095720d-a449-4584-974f-b13885b751a6,b9190ad7-1b4a-4416-b6fb-a4812d91a01c,260914
93bdd36f-1197-47c1-99d6-32463626bf7d,bcf7c96d-b08f-4c91-9ff0-fadef38453cd,127035
31b8dc6f-7f60-442f-9b42-0fd9088bd8c0,07901f83-6fe2-4afb-8145-baabd84c0f71,266759
9c242ca1-c67f-4ab9-8fa3-2ee37d5e3f92,a51f1fa0-20e8-42a1-a2ae-50ef552e6b21,383079
52f77875-3ad8-4dbe-9152-4eadfb8452af,17a2b80c-3cd8-4b42-b5a1-bc2d67f0e9c0,150644
6ae37653-3d12-4d4c-82ed-ee2284d2f08c,21f017b4-43c0-49d2-a466-53381450b96d,181188
f816fd01-1e5c-4d07-80bc-9d656f051011,7c0ead32-a7fd-454f-ba37-7872f151d454,179254
8d48a68d-1875-4545-b8ec-ff7398a3f7d0,b86c00be-35c5-4219-ab23-2e38f9122c4a,22097
fd64b9eb-bebe-4fa6-a227-0399e8d22a7e,bf5f74dd-dae1-4524-a35e-aa4abdff2b2a,92446
dd18e31a-ee64-43e0-96e5-4965c4d794b5,043650a7-2d07-4291-936e-456468d24e10,178738
1a0c273e-aca0-4be3-9b23-64535c247c25,4a4c0cda-fc72-4fac-94d3-58b69f3b1a9f,39896
87783dd7-60f7-4a24-8e9d-7cbee73bfcba,e7072312-e089-4487-856c-6940c30a7791,50664
f816fd01-1e5c-4d07-80bc-9d656f051011,83c54fb4-06cb-4eca-a889-aae5716896a7,200989
b7e406ed-9a18-4a68-8827-470b9e361f2c,dac6d170-3812-43c3-ad39-5d2aaf6a5b06,89916
8482448d-58ba-4170-b0a9-7610d386f8a0,f816fd01-1e5c-4d07-80bc-9d656f051011,122774
13257c5a-1805-4dbe-9dac-0851b60b8b56,5d1dec70-576e-4c53-9195-a9053c7bfb58,146122
a2626182-3880-4662-8606-abb0c357b6d0,dbeea476-8e41-4174-9100-f979def21045,281988
bd071d9b-bc43-4595-81b2-708cf84271f6,3e917f69-7ec1-4157-be53-a8517185e8bd,62690
d3ec049c-e68f-4959-97f3-653a0d4c8e88,fd993101-d15c-422a-b22f-b2431d7b3afd,536045
d16ae7ef-de17-431e-9f26-ba47e5d01788,f8e269e8-fd1a-43c8-a82f-14c9c58e240f,540637
c4cb441b-59cb-4c0b-94ad-fee8dad2f7c0,9d2fa4f6-c6da-42ee-8da2-217db6c8edc8,27176
7bf5c0ce-5637-42ce-9e01-be393373a1b0,5f914c72-01b0-4c4a-9160-04e4cc34c2e3,307758
2605461a-b434-4a54-9043-f2f0d96d62f1,163756c3-b01c-41f5-8a68-11778335a3a4,36932
b7ebd07f-dc82-4643-a0ef-f0e3ed27a43b,6ded028f-f9f5-424b-b51b-f325ab3ef420,270345
5ed27fe8-f985-4a6d-bc05-16a3d4bd64da,40e458b2-47bc-4bcd-bd06-46799cc2f26f,142455
1a49100f-837a-4528-bc7d-c043cc188084,30f7dbc6-f50a-4163-b0db-d6a2fe33e52c,317527
34678989-2a9d-4a29-9cf6-e35d6f65829d,f8e269e8-fd1a-43c8-a82f-14c9c58e240f,176999
658af827-04c4-4226-a57e-9fbe148a3b67,fd64b9eb-bebe-4fa6-a227-0399e8d22a7e,54097
35f9f4c3-e1e5-4edd-900a-b9eb1eb250f5,03fc5a37-5bf8-4e86-aebe-964b97218b59,68088
dd18e31a-ee64-43e0-96e5-4965c4d794b5,e2200d51-c769-4975-a039-ae4990785f5a,137334
6c42edd0-4ba0-4852-8fa7-32cafaab6b5e,40e458b2-47bc-4bcd-bd06-46799cc2f26f,234287
0dc500fb-be4f-4105-87c3-935651449cca,8d48a68d-1875-4545-b8ec-ff7398a3f7d0,453473
4c57dcd5-0b69-4fba-a218-be63358a8dfa,b7083d27-a9a9-47b8-b2b6-6c2058147148,123781
c3b61646-a94a-49bc-a149-6e3404c5d6ea,73cfeeec-3f05-4e16-bb83-645437756093,46179
dd18e31a-ee64-43e0-96e5-4965c4d794b5,caef6390-69cd-4ce6-b324-82996e417f64,475420
d1642541-ed4d-452a-b30a-90655c2a9154,f63cfc9a-a6d9-4ce3-be1d-d50ed867bfac,135209
a82f487d-5b74-484d-9b40-290b30275a95,3e917f69-7ec1-4157-be53-a8517185e8bd,315035
34678989-2a9d-4a29-9cf6-e35d6f65829d,0e356f5e-ede4-4ed8-9616-f9022b20ed45,371894
f213379c-5279-457f-b72d-793855a022eb,1a0c273e-aca0-4be3-9b23-64535c247c25,223167
93bdd36f-1197-47c1-99d6-32463626bf7d,d3ec049c-e68f-4959-97f3-653a0d4c8e88,266710
93bdd36f-1197-47c1-99d6-32463626bf7d,c7ca8261-a85d-4df0-bbd8-f586d271086d,131991
580285c1-fc60-4d75-9ac0-2d86f6481887,fd64b9eb-bebe-4fa6-a227-0399e8d22a7e,157433
711051de-eb47-4098-8518-bf08535fcef4,c9e4ef54-0d6b-4d12-94c0-3f2745ecc8e8,317002
dc49e694-176b-4e9e-874c-8883a9fc48e2,bf5f74dd-dae1-4524-a35e-aa4abdff2b2a,505484
31b8dc6f-7f60-442f-9b42-0fd9088bd8c0,15ff21cc-01b5-4735-868a-0398ed6178ae,124190
043650a7-2d07-4291-936e-456468d24e10,c9e4ef54-0d6b-4d12-94c0-3f2745ecc8e8,386189
c5cdf181-1120-4548-bdf2-b620064dc347,e70b0075-bd8c-46bb-997e-4ebd03ca4ac9,455886
92f932a0-0e9c-4bc0-83c1-be9bc94ed89d,b86c00be-35c5-4219-ab23-2e38f9122c4a,4542
73cfeeec-3f05-4e16-bb83-645437756093,5d1dec70-576e-4c53-9195-a9053c7bfb58,216799
d16ae7ef-de17-431e-9f26-ba47e5d01788,0c36a8d9-d37c-45d4-a462-059d3d93cd2e,379643
14adab7f-cc26-471f-af1d-87e2cce472c5,0383be3a-a8ae-4ac0-8da7-c00854d7228a,71406
bf4f7639-5c12-4b66-9f47-79320c7de8af,1a1a9b04-bcc4-4f7d-be64-eb958185a5c7,139990
6f15b2d3-f7a3-49eb-8edf-293df9af0f26,0c6fe1e4-74b5-42ed-af64-ea53894dd070,245935
afecc80b-9479-4048-a8dc-f7e282de3446,b5318de2-bc74-4c7e-9f94-cb75bb7b2fca,49777
84b4790c-9e5a-4625-970c-3dc6a93ea945,e14af718-b34f-495f-9217-c5f4fa65df34,318428
b7083d27-a9a9-47b8-b2b6-6c2058147148,658af827-04c4-4226-a57e-9fbe148a3b67,191512
981db907-95dd-4716-b2cf-589e14dcbd7f,0edbcf7d-bd5b-4778-852c-a6c4281a5208,109144
35f9f4c3-e1e5-4edd-900a-b9eb1eb250f5,92f932a0-0e9c-4bc0-83c1-be9bc94ed89d,217192
7bcf1ffb-b64e-4454-8cf4-3fd40dfdc1d6,c5cdf181-1120-4548-bdf2-b620064dc347,154260
23a4b8c1-9755-43ad-9b49-28f9eaff2f44,f095720d-a449-4584-974f-b13885b751a6,231090
fbcf16e8-f59e-4116-b7bd-19dd2cbb2309,cbcf3874-ef38-4642-96a1-747881e23578,62642
89ffc69d-b3f4-4964-aa9f-22802ec46752,bbd3cecc-6a07-40c5-b3a4-d5b467745b66,118429
3af13bd1-54d6-4d96-b540-b0d6b74f5cd4,c5cdf181-1120-4548-bdf2-b620064dc347,103930
5ba0d60a-6c5e-42fa-976a-1a951bed5c24,c3b61646-a94a-49bc-a149-6e3404c5d6ea,60687
c1a7d95e-c22e-4aa5-85f9-ed9c00da669b,711051de-eb47-4098-8518-bf08535fcef4,65971
b9190ad7-1b4a-4416-b6fb-a4812d91a01c,980534c9-a605-42f3-ac92-42d8cf06e938,432047
b9a65165-bd8c-4c00-b011-85a6277190d1,0c36a8d9-d37c-45d4-a462-059d3d93cd2e,114043
8d64e2ec-b310-4c29-9a24-168fb3e13733,580285c1-fc60-4d75-9ac0-2d86f6481887,33438
b86c00be-35c5-4219-ab23-2e38f9122c4a,bcbe792f-05c5-434e-bc07-0d54d991ffc6,74216
980534c9-a605-42f3-ac92-42d8cf06e938,7c0ead32-a7fd-454f-ba37-7872f151d454,525865
b5318de2-bc74-4c7e-9f94-cb75bb7b2fca,5f914c72-01b0-4c4a-9160-04e4cc34c2e3,240619
ad0a5f1a-acc2-4f8f-89a2-8c62971803bc,15ff21cc-01b5-4735-868a-0398ed6178ae,121907
1a49100f-837a-4528-bc7d-c043cc188084,7bcf1ffb-b64e-4454-8cf4-3fd40dfdc1d6,54739
